cmc_id,name,current_name,symbol,name_in_coingecko
3756.0,#MetaHash,#MetaHash,MHC,#MetaHash
2882.0,0Chain,0Chain,ZCN,0chain
1896.0,0x,0x,ZRX,0x
2837.0,0xBitcoin,0xBitcoin,0xBTC,0xBitcoin
2920.0,0xcert,0xcert,ZXC,0xcert
8685.0,10x.gg,10x.gg,XGG,10x.gg
4222.0,1Million Token,1Million Token,1MT,1Million Token
2601.0,1World,1World,1WO,1World
8104.0,1inch,1inch,1INCH,1inch
5587.0,2key.network,2key.network,2KEY,2key.network
93.0,42-coin,42-coin,42,42-coin
5409.0,4THPILLAR TECHNOLOGIES,4THPILLAR TECHNOLOGIES,FOUR,4thpillar technologies
7742.0,88mph,88mph,MPH,88mph
9046.0,8PAY,8PAY,8PAY,8Pay
3238.0,ABCC Token,ABCC Token,AT,ABCC Token
8538.0,AC Milan Fan Token,AC Milan Fan Token,ACM,AC Milan Fan Token
7854.0,ACDX Exchange Token,ACDX Exchange Governance Token,ACXT,ACDX Exchange Token
7382.0,ACoconut,ACoconut,AC,ACoconut
7844.0,ACryptoS,ACryptoS,ACS,ACryptoS
3703.0,ADAMANT Messenger,ADAMANT Messenger,ADM,ADAMANT Messenger
6404.0,AGA Token,AGA Token,AGA,AGA Token
2357.0,AI Doctor,AI Doctor,AIDOC,AI Doctor
2407.0,AICHAIN,AICHAIN,AIT,AICHAIN
9104.0,AIOZ Network,AIOZ Network,AIOZ,AIOZ Network
7737.0,API3,API3,API3,API3
7227.0,APY.Finance,APY.Finance,APY,APY.Finance
8419.0,APYSwap,APYSwap,APYS,APYSwap
8309.0,ARMOR,ARMOR,ARMOR,ARMOR
4039.0,ARPA Chain,ARPA Chain,ARPA,ARPA Chain
8280.0,ARTH,ARTH,ARTH,ARTH
5229.0,AS Roma Fan Token,AS Roma Fan Token,ASR,AS Roma Fan Token
5833.0,ASKO,ASKO,ASKO,Asko
8888.0,ASSY Index,ASSY Index,ASSY,ASSY Index
2380.0,ATN,ATN,ATN,ATN
6216.0,AXEL,AXEL,AXEL,AXEL
7278.0,Aave,Aave,AAVE,Aave
7046.0,Aavegotchi,Aavegotchi,GHST,Aavegotchi
2847.0,Abyss,Abyss,ABYSS,Abyss
1918.0,Achain,Achain,ACT,Achain
3386.0,Actinium,Actinium,ACM,Actinium
8044.0,Adappter Token,Adappter Token,ADP,Adappter Token
1883.0,Adshares,Adshares,ADS,Adshares
3637.0,Aergo,Aergo,AERGO,Aergo
1700.0,Aeternity,Aeternity,AE,Aeternity
1949.0,Agrello,Agrello,DLT,Agrello
2462.0,AidCoin,AidCoin,AID,AidCoin
1706.0,Aidos Kuneen,Aidos Kuneen,ADK,Aidos Kuneen
2062.0,Aion,Aion,AION,Aion
2058.0,AirSwap,AirSwap,AST,AirSwap
3156.0,Airbloc,Airbloc,ABL,Airbloc
7255.0,Aitra,Aitra,AITRA,AITRA
7431.0,Akash Network,Akash Network,AKT,Akash Network
4134.0,Akropolis,Akropolis,AKRO,Akropolis
9131.0,Alchemist,Alchemist,MIST,Alchemist
8613.0,Alchemix,Alchemix,ALCX,Alchemix
6958.0,Alchemy Pay,Alchemy Pay,ACH,Alchemy Pay
5821.0,Aleph.im,Aleph.im,ALEPH,Aleph.im
4030.0,Algorand,Algorand,ALGO,Algorand
1505.0,Alias,Alias,ALIAS,Alias
9119.0,Alien Worlds,Alien Worlds,TLM,Alien Worlds
2473.0,All Sports,All Sports,SOC,All Sports
8882.0,Alliance Fan Token,Alliance Fan Token,ALL,Alliance Fan Token
6957.0,AllianceBlock,AllianceBlock,ALBT,AllianceBlock
7618.0,Alpaca City,Alpaca City,ALPA,Alpaca City
8707.0,Alpaca Finance,Alpaca Finance,ALPACA,Alpaca Finance
7460.0,Alpha Quark Token,Alpha Quark Token,AQT,Alpha Quark Token
2525.0,Alphacat,Alphacat,ACAT,Alphacat
2081.0,Ambrosus,Ambrosus,AMB,Ambrosus
2705.0,Amon,Amon,AMN,Amon
3716.0,Amoveo,Amoveo,VEO,Amoveo
6945.0,Amp,Amp,AMP,Amp
4056.0,Ampleforth,Ampleforth,AMPL,Ampleforth
9421.0,Ampleforth Governance Token,Ampleforth Governance Token,FORTH,Ampleforth Governance Token
8057.0,AnRKey X,AnRKey X,$ANRX,AnRKey X
8857.0,Anchor Protocol,Anchor Protocol,ANC,Anchor Protocol
3783.0,Ankr,Ankr,ANKR,Ankr
8603.0,AntiMatter,AntiMatter,MATTER,AntiMatter
5892.0,Anyswap,Anyswap,ANY,Anyswap
8497.0,ApeSwap Finance,ApeSwap Finance,BANANA,ApeSwap Finance
2344.0,AppCoins,AppCoins,APPC,AppCoins
1680.0,Aragon,Aragon,ANT,Aragon
5523.0,Aragon Court,Aragon Court,ANJ,Aragon Court
3179.0,Arbidex,Arbidex,ABX,Arbidex
2545.0,Arcblock,Arcblock,ABT,Arcblock
7750.0,Archer DAO Governance Token,Archer DAO Governance Token,ARCH,Archer DAO Governance Token
1320.0,Ardor,Ardor,ARDR,Ardor
8421.0,Argon,Argon,ARGON,Argon
8276.0,Arianee,Arianee,ARIA20,Arianee
1586.0,Ark,Ark,ARK,Ark
5632.0,Arweave,Arweave,AR,Arweave
1609.0,Asch,Asch,XAS,Asch
7536.0,Aspire,Aspire,ASP,Aspire
6894.0,AstroTools,AstroTools,ASTRO,AstroTools
5536.0,AtromG8,AtromG8,AG8,ATROMG8
2653.0,Auctus,Auctus,AUC,Auctus
948.0,AudioCoin,AudioCoin,ADC,AudioCoin
7455.0,Audius,Audius,AUDIO,Audius
1104.0,Augur,Augur,REP,Augur
7583.0,Auric Network,Auric Network,AUSCM,Auric Network
2874.0,Aurora,Aurora,AOA,Aurora
148.0,Auroracoin,Auroracoin,AUR,Auroracoin
7301.0,AurusDeFi,AurusDeFi,AWX,AurusDeFi
8387.0,Auto,Auto,AUTO,Auto
2151.0,Autonio,Autonio,NIOX,Autonio
3362.0,Auxilium,Auxilium,AUX,Auxilium
5805.0,Avalanche,Avalanche,AVAX,Avalanche
1948.0,Aventus,Aventus,AVT,Aventus
3898.0,Axe,Axe,AXE,Axe
6783.0,Axie Infinity,Axie Infinity,AXS,Axie Infinity
7141.0,Axioms,Axioms,AXI,Axioms
7676.0,Axion,Axion,AXN,Axion
6670.0,Axis DeFi,Axis DeFi,AXIS,Axis DeFi
7647.0,Azuki,Azuki,AZUKI,Azuki
8457.0,B20,B20,B20,B20
2572.0,BABB,BABB,BAX,BABB
5062.0,BEPRO Network,BEPRO Network,BEPRO,BEPRO Network
4534.0,BITTO,BITTO,BITTO,BITTO
2223.0,BLOCKv,BLOCKv,VEE,BLOCKv
6911.0,BNSD Finance,BNSD Finance,BNSD,BNSD Finance
3956.0,BOMB,BOMB,BOMB,BOMB
4217.0,BOSAGORA,BOSAGORA,BOA,BOSAGORA
2095.0,BOScoin,BOScoin,BOS,BOScoin
3475.0,BOX Token,BOX Token,BOX,BOX Token
9345.0,BSC Station,BSC Station,BSCS,BSC Station
8190.0,BSCEX,BSCEX,BSCX,BSCEX
8660.0,BSCPAD,BSCPAD,BSCPAD,BSCPAD
8843.0,BSCView,BSCView,BSCV,Bscview
8662.0,BSCstarter,BSCstarter,START,BSCstarter
3737.0,BTU Protocol,BTU Protocol,BTU,BTU Protocol
6956.0,BUILD Finance,BUILD Finance,BUILD,BUILD Finance
2465.0,BUX Token,BUX Token,BUX,BUX Token
1962.0,BUZZCoin,BUZZCoin,BUZZ,BuzzCoin
3142.0,BaaSid,BaaSid,BAAS,BaaSid
7859.0,Badger DAO,Badger DAO,BADGER,Badger DAO
5728.0,Balancer,Balancer,BAL,Balancer
4704.0,Banano,Banano,BAN,Banano
2592.0,Banca,Banca,BANCA,Banca
4679.0,Band Protocol,Band Protocol,BAND,Band Protocol
4918.0,Bankroll Network,Bankroll Network,BNKR,Bankroll Network
8168.0,Bao Finance,Bao Finance,BAO,Bao Finance
7440.0,BarnBridge,BarnBridge,BOND,BarnBridge
6592.0,BarterTrade,BarterTrade,BART,BarterTrade
7838.0,Base Protocol,Base Protocol,BASE,Base Protocol
6570.0,Based Money,Based Money,$BASED,Based Money
1697.0,Basic Attention Token,Basic Attention Token,BAT,Basic Attention Token
7813.0,Basis Cash,Basis Cash,BAC,Basis Cash
7816.0,Basis Share,Basis Share,BAS,Basis Share
8733.0,BasketCoin,BasketCoin,BSKT,BasketCoin
9157.0,BasketDAO,BasketDAO,BASK,BasketDAO
3656.0,Beacon,Beacon,BECN,Beacon
3702.0,Beam,Beam,BEAM,BEAM
4646.0,Beaxy,Beaxy,BXY,Beaxy
7311.0,Beefy.Finance,Beefy.Finance,BIFI,Beefy.Finance
7414.0,Behodler,Behodler,EYE,Behodler
6928.0,Bella Protocol,Bella Protocol,BEL,Bella Protocol
8730.0,Belt,Belt,BELT,Belt
7765.0,Benchmark Protocol,Benchmark Protocol,MARK,Benchmark Protocol
7176.0,Beowulf,Beowulf,BWF,Beowulf
8483.0,Berry Data,Berry Data,BRY,Berry Data
3587.0,Bgogo Token,Bgogo Token,BGG,Bgogo Token
8132.0,BiFi,BiFi,BIFI,BiFi
5181.0,BiLira,BiLira,TRYB,BiLira
1916.0,BiblePay,BiblePay,BBP,BiblePay
2307.0,Bibox Token,Bibox Token,BIX,Bibox Token
7817.0,Bifrost,Bifrost (BFC),BFC,Bifrost
8708.0,Big Data Protocol,Big Data Protocol,BDP,Big Data Protocol
1839.0,Binance Coin,Binance Coin,BNB,Binance Coin
4687.0,Binance USD,Binance USD,BUSD,Binance USD
6586.0,Bintex Futures,Bintex Futures,BNTX,Bintex Futures
7795.0,Bird.Money,Bird.Money,BIRD,Bird.Money
2009.0,Bismuth,Bismuth,BIS,Bismuth
3687.0,BitBall,BitBall,BTB,Bitball
3066.0,BitCapitalVendor,BitCapitalVendor,BCV,BitCapitalVendor
1654.0,BitCore,BitCore,BTX,BitCore
2374.0,BitDegree,BitDegree,BDG,BitDegree
2604.0,BitGreen,BitGreen,BITG,BitGreen
2934.0,BitKan,BitKan,KAN,BitKan
2933.0,BitMart Token,BitMart Token,BMX,BitMart Token
463.0,BitShares,BitShares,BTS,BitShares
3718.0,BitTorrent,BitTorrent,BTT,BitTorrent
2561.0,BitTube,BitTube,TUBE,BitTube
2918.0,BitZ Token,BitZ Token,BZ,BitZ Token
7867.0,Bitcashpay,Bitcashpay,BCP,BitcashPay
1381.0,Bitcloud,Bitcloud,BTDX,Bitcloud
1.0,Bitcoin,Bitcoin,BTC,Bitcoin
3974.0,Bitcoin 2,Bitcoin 2,BTC2,Bitcoin 2
1831.0,Bitcoin Cash,Bitcoin Cash,BCH,Bitcoin Cash
7686.0,Bitcoin Cash ABC,Bitcoin Cash ABC,BCHA,Bitcoin Cash ABC
5168.0,Bitcoin Classic,Bitcoin Classic,BXC,Bitcoin Classic
3976.0,Bitcoin Confidential,Bitcoin Confidential,BC,Bitcoin Confidential
2222.0,Bitcoin Diamond,Bitcoin Diamond,BCD,Bitcoin Diamond
2083.0,Bitcoin Gold,Bitcoin Gold,BTG,Bitcoin Gold
293.0,Bitcoin Plus,Bitcoin Plus,XBC,Bitcoin Plus
2575.0,Bitcoin Private,Bitcoin Private,BTCP,Bitcoin Private
3602.0,Bitcoin SV,Bitcoin SV,BSV,Bitcoin SV
2041.0,BitcoinZ,BitcoinZ,BTCZ,BitcoinZ
6593.0,Bitgear,Bitgear,GEAR,Bitgear
276.0,Bitstar,Bitstar,BITS,Bitstar
170.0,BlackCoin,BlackCoin,BLK,BlackCoin
9026.0,Blind Boxes,Blind Boxes,BLES,Blind Boxes
2614.0,BlitzPredict,BlitzPick,XBP,BlitzPredict
3627.0,Block-Logic,Block-Logic,BLTG,Block-Logic
3616.0,Blockchain Certified Data Token,Blockchain Certified Data Token,BCDT,Blockchain Certified Data Token
6789.0,Blockchain Cuties Universe Governance,Blockchain Cuties Universe Governance,BCUG,Blockchain Cuties Universe Governance
3860.0,Blockcloud,Blockcloud,BLOC,Blockcloud
707.0,Blocknet,Blocknet,BLOCK,Blocknet
4997.0,Blockzero Labs,Blockzero Labs,XIO,Blockzero Labs
1864.0,Blox,Blox,CDT,Blox
2076.0,Blue Protocol,Blue Protocol,BLUE,Blue Protocol
2505.0,Bluzelle,Bluzelle,BLZ,Bluzelle
2605.0,BnkToTheFuture,BnkToTheFuture,BFT,BnkToTheFuture
2889.0,Bob's Repair,Bob's Repair,BOB,Bob's Repair
7436.0,BonFi,BonFi,BNF,BonFi
7500.0,Bonded Finance,Bonded Finance,BOND,Bonded Finance
7931.0,Bondly,Bondly,BONDLY,Bondly
5915.0,Bone,Bone,BONE,Bone
7978.0,Bonfida,Bonfida,FIDA,Bonfida
6862.0,Boosted Finance,Boosted Finance,BOOST,Boosted Finance
7509.0,BoringDAO,BoringDAO,BOR,BoringDAO
8827.0,Boson Protocol,Boson Protocol,BOSON,Boson Protocol
2392.0,Bottos,Bottos,BTO,Bottos
2306.0,Bread,Bread,BRD,Bread
8364.0,Bridge Mutual,Bridge Mutual,BMI,Bridge Mutual
573.0,Burst,Burst,BURST,Burst
8405.0,Butterfly Protocol,Butterfly Protocol,BFLY,Butterfly Protocol
5056.0,BuySell,BuySell,BULL,BuySell
372.0,Bytecoin,Bytecoin,BCN,Bytecoin
1866.0,Bytom,Bytom,BTM,Bytom
5719.0,CACHE Gold,CACHE Gold,CGT,CACHE Gold
6502.0,CBDAO,CBDAO,BREE,CBDAO
7031.0,CHADS VC,CHADS VC,CHADS,CHADS VC
3934.0,CNNS,CNNS,CNNS,CNNS
6645.0,COIL,COIL,COIL,Coil
8947.0,COPS FINANCE,COPS FINANCE,COPS,Cops Finance
3992.0,COTI,COTI,COTI,COTI
8175.0,COVER Protocol,COVER Protocol,COVER,Cover Protocol
2482.0,CPChain,CPChain,CPC,CPChain
5473.0,CRDT,CRDT,CRDT,CRDT
1676.0,CREA,CREA,CREA,CREA
2444.0,CRYPTO20,CRYPTO20,C20,CRYPTO20
8258.0,CUDOS,CUDOS,CUDOS,Cudos
9121.0,CUE Protocol,CUE Protocol,CUE,CUE Protocol
4752.0,CUTcoin,CUTcoin,CUT,CUTcoin
1810.0,CVCoin,CVCoin,CVN,CVCoin
8481.0,CafeSwap Token,CafeSwap Token,BREW,CafeSwap Token
2757.0,Callisto Network,Callisto Network,CLO,Callisto Network
2343.0,CanYaCoin,CanYaCoin,CAN,CanYaCoin
5809.0,Cap,Cap,CAP,Cap
7809.0,Carbon,Carbon,CRBN,Carbon
2010.0,Cardano,Cardano,ADA,Cardano
2891.0,Cardstack,Cardstack,CARD,Cardstack
2490.0,CargoX,CargoX,CXO,CargoX
3946.0,Carry,Carry,CRE,Carry
5444.0,Cartesi,Cartesi,CTSI,Cartesi
2529.0,Cashaa,Cashaa,CAS,Cashaa
5427.0,Cashhand,Cashhand,CHND,Cashhand
2855.0,Casino Betting Coin,Casino Betting Coin,CBC,Casino Betting Coin
6649.0,Cat Token,Cat Token,CAT,Cat Token
4045.0,Catex Token,Catex Token,CATT,Catex Token
3814.0,Celer Network,Celer Network,CELR,Celer Network
5567.0,Celo,Celo,CELO,Celo
7236.0,Celo Dollar,Celo Dollar,CUSD,Celo Dollar
7349.0,Centaur,Centaur,CNTR,Centaur
4807.0,CertiK,CertiK,CTK,CertiK
6744.0,Chain Games,Chain Games,CHAIN,Chain Games
8648.0,Chain Guardians,Chain Guardians,CGG,Chain Guardians
4200.0,ChainX,ChainX,PCX,ChainX
1975.0,Chainlink,Chainlink,LINK,Chainlink
9289.0,Chainswap,Chainswap,TOKEN,Chainswap
5400.0,Charg Coin,Charg Coin,CHG,Charg Coin
6861.0,ChartEx,ChartEx,CHART,ChartEx
5709.0,Chi Gastoken,Chi Gastoken,CHI,Chi Gastoken
4066.0,Chiliz,Chiliz,CHZ,Chiliz
7487.0,Chonk,Chonk,CHONK,Chonk
3978.0,Chromia,Chromia,CHR,Chromia
1556.0,Chrono.tech,Chrono.tech,TIME,chrono.tech
2043.0,Cindicator,Cindicator,CND,Cindicator
788.0,Circuits of Value,Circuits of Value,COVAL,Circuits of Value
1816.0,Civic,Civic,CVC,Civic
7860.0,ClinTex CTi,ClinTex CTi,CTI,ClinTex CTi
362.0,CloakCoin,CloakCoin,CLOAK,Cloakcoin
7381.0,CoFiX,CoFiX,COFI,CoFiX
3779.0,CoTrader,CoTrader,COT,CoTrader
8107.0,Cobak Token,Cobak Token,CBK,Cobak Token
6920.0,Coin Artist,Coin Artist,COIN,Coin Artist
2478.0,CoinFi,CoinFi,COFI,CoinFi
4701.0,CoinHe Token,CoinHe Token,CHT,CoinHe Token
2569.0,CoinPoker,CoinPoker,CHP,CoinPoker
3648.0,CoinUs,CoinUs,CNUS,CoinUs
8999.0,Collateral Pay,Collateral Pay,COLL,Collateral Pay
7178.0,Combine.finance,Combine.finance,COMB,Combine.finance
5692.0,Compound,Compound,COMP,Compound
3732.0,Conceal,Conceal,CCX,Conceal
8227.0,Connect Financial,Connect Financial,CNFI,Connect Financial
2868.0,Constellation,Constellation,DAG,Constellation
2735.0,Content Neutrality Network,Content Neutrality Network,CNN,Content Neutrality Network
3686.0,Content Value Network,Content Value Network,CVNT,Content Value Network
2945.0,ContentBox,ContentBox,BOX,ContentBox
4036.0,Contentos,Contentos,COS,Contentos
8716.0,Convergence,Convergence,CONV,Convergence
9015.0,Cope,Cope,COPE,Cope
7398.0,Coreto,Coreto,COR,Coreto
7806.0,Cornichon,Cornichon,CORN,Cornichon
2638.0,Cortex,Cortex,CTXC,Cortex
3794.0,Cosmos,Cosmos,ATOM,Cosmos
132.0,Counterparty,Counterparty,XCP,Counterparty
2342.0,Covesting,Covesting,COV,Covesting
8893.0,Cream ETH 2,Cream ETH 2,CRETH2,Cream ETH 2
2556.0,Credits,Credits,CS,CREDITS
3331.0,CrowdWiz,CrowdWiz,WIZ,CrowdWiz
720.0,Crown,Crown,CRW,Crown
8365.0,Crowns,Crowns,CWS,Crowns
8731.0,CryptEx,CryptEx,CRX,CryptEx
2447.0,Crypterium,Crypterium,CRPT,Crypterium
3894.0,Crypto Sports,Crypto Sports,CSPN,Crypto Sports
3635.0,Crypto.com Coin,Crypto.com Coin,CRO,Crypto.com Coin
4253.0,CryptoBonusMiles,CryptoBonusMiles,CBM,CryptoBonusMiles
8135.0,CryptoKek,CryptoKek,KEK,CryptoKek
6865.0,Crypton,Crypton,CRP,Crypton
9149.0,Cryptonovae,Cryptonovae,YAE,Cryptonovae
2314.0,Cryptopay,Cryptopay,CPAY,Cryptopay
2559.0,Cube,Cube,AUTO,Cube
7942.0,Curate,Curate,XCUR,Curate
333.0,Curecoin,Curecoin,CURE,Curecoin
5083.0,Curio,Curio,CUR,Curio
6538.0,Curve DAO Token,Curve DAO Token,CRV,Curve DAO Token
2246.0,CyberMiles,CyberMiles,CMT,CyberMiles
2986.0,DACC,DACC,DACC,DACC
2696.0,DAEX,DAEX,DAX,DAEX
8874.0,DAFI Protocol,DAFI Protocol,DAFI,Dafi Protocol
8420.0,DAO Maker,DAO Maker,DAO,DAO Maker
7419.0,DAOFi,DAOFi,DAOFI,DAOfi
9016.0,DAOhaus,DAOhaus,HAUS,DAOhaus
2726.0,DAOstack,DAOstack,GEN,DAOstack
8478.0,DAOventures,DAOventures,DVG,DAOventures
3345.0,DAPS Coin,DAPS Coin,DAPS,DAPS Coin
2446.0,DATA,DATA,DTA,DATA
2567.0,DATx,DATx,DATX,DATx
9032.0,DDS.Store,DDS.Store,DDS,DDS.Store
5429.0,DEAPcoin,DEAPcoin,DEP,DEAPCOIN
1478.0,DECENT,DECENT,DCT,Decent
8699.0,DEGEN Index,DEGEN Index,DEGEN,DEGEN Index
7125.0,DEUS Finance,DEUS Finance,DEUS,DEUS Finance
5866.0,DEXTools,DEXTools,DEXT,DexTools
5957.0,DFI.Money,DFI.Money,YFII,DFI.money
5704.0,DFOhub,DFOhub,BUIDL,dfohub
6138.0,DIA,DIA,DIA,DIA
8307.0,DIGG,DIGG,DIGG,DIGG
5741.0,DMM: Governance,DMM: Governance,DMG,DMM: Governance
5952.0,DMScript,DMScript,DMST,DMScript
2503.0,DMarket,DMarket,DMT,DMarket
2711.0,DOC.COM,DOC.COM,MTC,Doc.com
7224.0,DODO,DODO,DODO,DODO
6623.0,DOGEFI,DOGEFI,DOGEFI,DogeFi
3809.0,DOS Network,DOS Network,DOS,DOS Network
3194.0,DPRating,DPRating,RATING,DPRating
5423.0,DSLA Protocol,DSLA Protocol,DSLA,DSLA Protocol
5589.0,DXdao,DXdao,DXD,DXdao
4943.0,Dai,Dai,DAI,Dai
8234.0,Daiquilibrium,Daiquilibrium,DAIQ,Daiquilibrium
3516.0,Dark,Dark,D4RK,DARK
9186.0,Dark Matter,Dark Matter,DMT,Dark Matter
5931.0,Darwinia Commitment Token,Darwinia Commitment Token,KTON,Darwinia Commitment Token
131.0,Dash,Dash,DASH,Dash
2260.0,Datamine,Datamine,DAM,Datamine
2283.0,Datum,Datum,DAT,Datum
6672.0,DeFi Omega,DeFi Omega,DFIO,DeFi Omega
8080.0,DeFi Yield Protocol,DeFi Yield Protocol,DYP,DeFi Yield Protocol
6796.0,DeFi of Thrones,DeFi of Thrones,DOTX,DeFi of Thrones
6243.0,DeFiPie,DeFiPie,PIE,DeFiPie
6850.0,DeFiat,DeFiat,DFT,DeFiat
7225.0,DeFiner,DeFiner,FIN,DeFiner
8181.0,DePay,DePay,DEPAY,DePay
4027.0,DeVault,DeVault,DVT,DeVault
7326.0,DeXe,DeXe,DEXE,DeXe
7877.0,Debase,Debase,DEBASE,Debase
5835.0,Decentr,Decentr,DEC,Decentr
7798.0,Decentral Games,Decentral Games,DG,Decentral Games
1966.0,Decentraland,Decentraland,MANA,Decentraland
1168.0,Decred,Decred,DCR,Decred
2316.0,DeepBrain Chain,DeepBrain Chain,DBC,DeepBrain Chain
1881.0,DeepOnion,DeepOnion,ONION,DeepOnion
9179.0,Defi For You,Defi For You,DFY,Defi For You
7815.0,DefiCliq,DefiCliq,CLIQ,DefiCliq
6881.0,DefiDollar,DefiDollar,DUSD,DefiDollar
7593.0,DefiDollar DAO,DefiDollar DAO,DFD,DefiDollar DAO
7973.0,Deflect,Deflect,DEFLCT,Deflect
6689.0,DegenVC,DegenVC,DGVC,DegenVC
7087.0,Dego Finance,Dego Finance,DEGO,Dego Finance
7839.0,Degov,Degov,DEGOV,Degov
9050.0,Delta Exchange Token,Delta Exchange Token,DETO,Delta Exchange Token
7260.0,DeltaHub Community,DeltaHub Community,DHC,DeltaHub Community
1769.0,Denarius,Denarius,D,Denarius
1886.0,Dent,Dent,DENT,Dent
1876.0,Dentacoin,Dentacoin,DCN,Dentacoin
9164.0,Depth Token,Depth Token,DEP,Depth Token
8424.0,Deri Protocol,Deri Protocol,DERI,Deri Protocol
7228.0,DerivaDAO,DerivaDAO,DDX,DerivaDAO
2665.0,Dero,Dero,DERO,Dero
2528.0,Dether,Dether,DTH,Dether
5990.0,Dev Protocol,Dev Protocol,DEV,Dev Protocol
7739.0,DexKit,DexKit,KIT,DexKit
6722.0,Dextrust,Dextrust,DETS,Dextrust
7143.0,DiFy.Finance,DiFy.Finance,YFIII,Dify.Finance
77.0,Diamond,Diamond,DMD,Diamond
109.0,DigiByte,DigiByte,DGB,DigiByte
7420.0,Digital Reserve Currency,Digital Reserve Currency,DRC,Digital Reserve Currency
4566.0,DigitalBits,DigitalBits,XDB,DigitalBits
405.0,DigitalNote,DigitalNote,XDN,DigitalNote
1229.0,DigixDAO,DigixDAO,DGD,DigixDAO
90.0,Dimecoin,Dimecoin,DIME,Dimecoin
8086.0,Ditto,Ditto,DITTO,Ditto
3441.0,Divi,Divi,DIVI,Divi
5894.0,DoYourTip,DoYourTip,DYT,DoYourTip
2675.0,Dock,Dock,DOCK,Dock
3672.0,DogeCash,DogeCash,DOGEC,DogeCash
74.0,Dogecoin,Dogecoin,DOGE,Dogecoin
9436.0,Dogelon Mars,Dogelon Mars,ELON,Dogelon Mars
7377.0,Dogeswap,Dogeswap,DOGES,Dogeswap
6955.0,Dollars,Dollars,USDX,Dollars
2070.0,DomRaider,DomRaider,DRT,DomRaider
6156.0,Donut,Donut,DONUT,Donut
145.0,DopeCoin,DopeCoin,DOPE,DopeCoin
8800.0,Dora Factory,Dora Factory,DORA,Dora Factory
2110.0,Dovu,Dovu,DOV,Dovu
7380.0,Dracula Token,Dracula Token,DRC,Dracula Token
2243.0,Dragonchain,Dragonchain,DRGN,Dragonchain
6611.0,DuckDaoDime,DuckDaoDime,DDIM,DuckDaoDime
4092.0,Dusk Network,Dusk Network,DUSK,DUSK Network
6742.0,DxSale Network,DxSale Network,SALE,DxSale Network
1587.0,Dynamic,Dynamic,DYN,Dynamic
8106.0,Dynamic Set Dollar,Dynamic Set Dollar,DSD,Dynamic Set Dollar
6432.0,ECOMI,ECOMI,OMI,ECOMI
7521.0,EDC Blockchain,EDC Blockchain,EDC,EDC Blockchain
8789.0,EDDASwap,EDDASwap,EDDA,EDDASwap
7882.0,EFFORCE,EFFORCE,WOZX,Efforce
5382.0,ELYSIA,ELYSIA,EL,ELYSIA
1765.0,EOS,EOS,EOS,EOS
4017.0,EOSDT,EOSDT,EOSDT,EOSDT
2165.0,ERC20,ERC20,ERC20,ERC20
8709.0,ETHA Lend,ETHA Lend,ETHA,ETHA Lend
3071.0,EUNO,EUNO,EUNO,EUNO
2088.0,EXRNchain,EXRNchain,EXRN,EXRNchain
8807.0,EXRT Network,EXRT Network,EXRT,EXRT Network
5487.0,EarnBet,EarnBet,BET,EarnBet
7716.0,Earnbase,Earnbase,ENB,Earnbase
2391.0,EchoLink,EchoLink,EKO,EchoLink
1596.0,Edgeless,Edgeless,EDG,Edgeless
5274.0,Edgeware,Edgeware,EDG,Edgeware
2734.0,EduCoin,EduCoin,EDU,Educoin
2885.0,Egretia,Egretia,EGT,Egretia
201.0,Einsteinium,Einsteinium,EMC2,Einsteinium
2492.0,Elastos,Elastos,ELA,Elastos
1711.0,Electra,Electra,ECA,Electra
2573.0,Electrify.Asia,Electrify.Asia,ELEC,Electrify.Asia
2137.0,Electroneum,Electroneum,ETN,Electroneum
8938.0,Ellipsis,Ellipsis,EPS,Ellipsis
6892.0,Elrond,Elrond,EGLD,Elrond
3993.0,Emanate,Emanate,EMT,Emanate
50.0,Emerald Crypto,Emerald Crypto,EMD,Emerald Crypto
558.0,Emercoin,Emercoin,EMC,EmerCoin
7033.0,Empty Set Dollar,Empty Set Dollar,ESD,Empty Set Dollar
4245.0,Enecuum,Enecuum,ENQ,Enecuum
3218.0,Energi,Energi,NRG,Energi
8331.0,Energy Ledger,Energy Ledger,ELX,Energy Ledger
5268.0,Energy Web Token,Energy Web Token,EWT,Energy Web Token
2044.0,Enigma,Enigma,ENG,Enigma
2130.0,Enjin Coin,Enjin Coin,ENJ,Enjin Coin
1552.0,Enzyme,Enzyme,MLN,Enzyme
5435.0,Epic Cash,Epic Cash,EPIC,Epic Cash
4211.0,Equilibria,Equilibria,XEQ,Equilibria
1762.0,Ergo,Ergo,ERG,Ergo
2906.0,Essentia,Essentia,ESS,Essentia
1474.0,Eternity,Eternity,ENT,Eternity
2843.0,Ether Zero,Ether Zero,ETZ,Ether Zero
3132.0,EtherGem,EtherGem,EGEM,EtherGem
1027.0,Ethereum,Ethereum,ETH,Ethereum
1321.0,Ethereum Classic,Ethereum Classic,ETC,Ethereum Classic
7743.0,Ethereum Yield,Ethereum Yield,ETHY,Ethereum Yield
6588.0,Etherisc DIP Token,Etherisc DIP Token,DIP,Etherisc DIP Token
8615.0,Ethernity Chain,Ethernity Chain,ERN,Ethernity Chain
2120.0,Etherparty,Etherparty,FUEL,Etherparty
8442.0,EthicHub,EthicHub,ETHIX,EthicHub
3452.0,Etho Protocol,Etho Protocol,ETHO,Etho Protocol
6409.0,Ethverse,Ethverse,ETHV,Ethverse
9368.0,Euler Tools,Euler Tools,EULER,Euler Tools
3953.0,Evedo,Evedo,EVED,Evedo
2237.0,EventChain,EventChain,EVC,EventChain
8495.0,Everest,Everest,ID,Everest
2034.0,Everex,Everex,EVX,Everex
4238.0,EveriToken,EveriToken,EVT,EveriToken
2930.0,Everipedia,Everipedia,IQ,Everipedia
9580.0,Evolution Finance,Evolution Finance,EVN,Evolution Finance
6882.0,ExNetwork Token,ExNetwork Token,EXNT,ExNetwork Token
4388.0,ExchangeCoin,ExchangeCoin,EXCC,ExchangeCoin
633.0,ExclusiveCoin,ExclusiveCoin,EXCL,ExclusiveCoin
8163.0,Exeedme,Exeedme,XED,Exeedme
2547.0,Experty,Experty,EXY,Experty
8563.0,Extend Finance,Extend Finance,EXF,Extend Finance
5225.0,FC Barcelona Fan Token,FC Barcelona Fan Token,BAR,FC Barcelona Fan Token
5865.0,FIO Protocol,FIO Protocol,FIO,FIO Protocol
64.0,FLO,FLO,FLO,FLO
8902.0,FM Gallery,FM Gallery,FMG,FM Gallery
3631.0,FOAM,FOAM,FOAM,FOAM
3388.0,FREE Coin,FREE Coin,FREE,FREE coin
4195.0,FTX Token,FTX Token,FTT,FTX Token
1757.0,FUNToken,FUNToken,FUN,FUNToken
4680.0,FYDcoin,FYDcoin,FYD,FYDcoin
2775.0,Faceter,Faceter,FACE,Faceter
1087.0,Factom,Factom,FCT,Factom
2366.0,FairGame,FairGame,FAIR,FairGame
5871.0,Falcon Project,Falcon Project,FNT,Falcon Project
6743.0,Falconswap,Falconswap,FSW,Falconswap
2901.0,FansTime,FansTime,FTI,FansTime
3513.0,Fantom,Fantom,FTM,Fantom
8.0,Feathercoin,Feathercoin,FTC,Feathercoin
87.0,FedoraCoin,FedoraCoin,TIPS,Fedoracoin
8642.0,Fei Protocol,Fei Protocol,FEI,Fei Protocol
6612.0,Fera,Fera,FERA,Fera
4228.0,Ferrum Network,Ferrum Network,FRM,Ferrum Network
3773.0,Fetch.ai,Fetch.ai,FET,Fetch.ai
8426.0,Filda,Filda,FILDA,Filda
8383.0,Filecash,Filecash,FIC,Filecash
2280.0,Filecoin,Filecoin,FIL,Filecoin
5712.0,FinNexus,FinNexus,FNX,FinNexus
8416.0,Finxflo,Finxflo,FXF,Finxflo
8176.0,Firdaos,Firdaos,FDO,Firdaos
8129.0,Fire Protocol,Fire Protocol,FIRE,Fire Protocol
1414.0,Firo,Firo,FIRO,Firo
8627.0,Flashstake,Flashstake,FLASH,Flashstake
4491.0,Flits,Flits,FLS,Flits
2231.0,Flixxo,Flixxo,FLIXX,Flixxo
8612.0,Float Protocol,Float Protocol,BANK,Float Protocol
4558.0,Flow,Flow,FLOW,Flow
3029.0,Flux,Flux,FLUX,Flux
8601.0,Font,Font,FONT,Font
4118.0,ForTube,ForTube,FOR,ForTube
9112.0,Force DAO,Force DAO,FORCE,Force DAO
8544.0,Fractal,Fractal,FCL,Fractal
9120.0,Franklin,Franklin,FLY,Franklin
6952.0,Frax,Frax,FRAX,Frax
6953.0,Frax Share,Frax Share,FXS,Frax Share
7585.0,Freeway Token,Freeway Token,FWT,Freeway Token
10.0,Freicoin,Freicoin,FRC,Freicoin
6976.0,French Digital Reserve,French Digital Reserve,FDR,French Digital Reserve
2626.0,Friendz,Friendz,FDZ,Friendz
5893.0,Frontier,Frontier,FRONT,Frontier
960.0,FujiCoin,FujiCoin,FJC,Fujicoin
3884.0,Function X,Function X,FX,Function X
8259.0,Furucombo,Furucombo,COMBO,Furucombo
2530.0,Fusion,Fusion,FSN,FUSION
8961.0,Futureswap,Futureswap,FST,Futureswap
2723.0,FuzeX,FuzeX,FXT,FuzeX
6674.0,Fyooz,Fyooz,FYZ,Fyooz
9103.0,GAMEE,GAMEE,GMEE,GAMEE
2354.0,GET Protocol,GET Protocol,GET,GET Protocol
5471.0,GHOST,GHOST,GHOST,Ghost
5475.0,GHOSTPRISM,GHOSTPRISM,GHOST,GHOSTPRISM
4150.0,GLOBEX,GLOBEX,GEX,Globex
3936.0,GNY,GNY,GNY,GNY
3123.0,GSENetwork,GSENetwork,GSE,GSENetwork
1750.0,GXChain,GXChain,GXC,GXChain
8771.0,GYEN,GYEN,GYEN,GYEN
7080.0,Gala,Gala,GALA,Gala
5228.0,Galatasaray Fan Token,Galatasaray Fan Token,GAL,Galatasaray Fan Token
9203.0,Gambit,Gambit,GMT,Gambit
576.0,GameCredits,GameCredits,GAME,GameCredits
6554.0,GamerCoin,GamerCoin,GHX,GamerCoin
7588.0,Gameswap,Gameswap,GSWAP,Gameswap
1785.0,Gas,Gas,GAS,Gas
4269.0,GateToken,GateToken,GT,GateToken
7041.0,Gather,Gather,GTH,Gather
6194.0,Geeq,Geeq,GEEQ,GEEQ
7310.0,Gem Exchange And Trading,Gem Exchange And Trading,GXT,Gem Exchange And Trading
3306.0,Gemini Dollar,Gemini Dollar,GUSD,Gemini Dollar
2291.0,Genaro Network,Genaro Network,GNX,Genaro Network
2181.0,Genesis Vision,Genesis Vision,GVT,Genesis Vision
5590.0,GeoDB,GeoDB,GEO,GeoDB
2289.0,Gifto,Gifto,GTO,Gifto
644.0,GlobalBoost-Y,GlobalBoost-Y,BSTY,GlobalBoost-Y
1659.0,Gnosis,Gnosis,GNO,Gnosis
2200.0,GoByte,GoByte,GBX,GoByte
2861.0,GoChain,GoChain,GO,GoChain
4182.0,GoWithMi,GoWithMi,GMAT,GoWithMi
9069.0,Goatcoin,Goatcoin,GOAT,Goatcoin
7161.0,GokuMarket Credit,GokuMarket Credit,GMC,GokuMarket Credit
25.0,Goldcoin,Goldcoin,GLC,Goldcoin
1455.0,Golem,Golem,GLM,Golem
8449.0,Goose Finance,Goose Finance,EGG,Goose Finance
8386.0,Gourmet Galaxy,Gourmet Galaxy,GUM,Gourmet Galaxy
7694.0,Governor DAO,Governor DAO,GDAO,Governor DAO
8408.0,Govi,Govi,GOVI,Govi
9029.0,Graphlinq Protocol,Graphlinq Protocol,GLQ,GraphLinq Protocol
833.0,Gridcoin,Gridcoin,GRC,Gridcoin
3709.0,Grin,Grin,GRIN,Grin
258.0,Groestlcoin,Groestlcoin,GRS,Groestlcoin
6718.0,Growth DeFi,Growth DeFi,GRO,GROWTH DeFi
254.0,Gulden,Gulden,NLG,Gulden
7576.0,HARD Protocol,HARD Protocol,HARD,HARD Protocol
6965.0,HBTC Captain Token,HBTC Captain Token,HBC,HBTC Captain Token
2323.0,HEROcoin,HEROcoin,PLAY,HEROcoin
6520.0,HOPR,HOPR,HOPR,HOPR
5380.0,HUNT,HUNT,HUNT,HUNT
4779.0,HUSD,HUSD,HUSD,HUSD
3147.0,HYCON,HYCON,HYC,Hycon
8946.0,Habitat,Habitat,HBT,Habitat
5583.0,Hacken Token,Hacken Token,HAI,Hacken Token
2480.0,HalalChain,HalalChain,HLC,HalalChain
5221.0,Handshake,Handshake,HNS,Handshake
3945.0,Harmony,Harmony,ONE,Harmony
6859.0,Harvest Finance,Harvest Finance,FARM,Harvest Finance
2908.0,HashCoin,HashCoin,HSC,HashCoin
2938.0,Hashgard,Hashgard,GARD,Hashgard
5552.0,Hathor,Hathor,HTR,Hathor
4642.0,Hedera Hashgraph,Hedera Hashgraph,HBAR,Hedera Hashgraph
6949.0,Hedget,Hedget,HGET,Hedget
6929.0,Hegic,Hegic,HEGIC,Hegic
5665.0,Helium,Helium,HNT,Helium
416.0,HempCoin,HempCoin,THC,Hempcoin
7424.0,Hermez Network,Hermez Network,HEZ,Hermez Network
2896.0,Hifi Finance,Hifi Finance,MFT,Hifi Finance
2345.0,High Performance Blockchain,High Performance Blockchain,HPB,High Performance Blockchain
3182.0,HitChain,HitChain,HIT,HitChain
5370.0,Hive,Hive,HIVE,Hive
5375.0,Hive Dollar,Hive Dollar,HBD,Hive Dollar
1950.0,Hiveterminal Token,Hiveterminal Token,HVN,Hiveterminal token
78.0,HoboNickels,HoboNickels,HBN,Hobonickels
8438.0,Hoge Finance,Hoge Finance,HOGE,Hoge Finance
8256.0,HollyGold,HollyGold,HGOLD,HollyGold
2682.0,Holo,Holo,HOT,Holo
4035.0,Honest,Honest,HNST,Honest
7972.0,Honey,Honey,HNY,Honey
9198.0,Hord,Hord,HORD,Hord
1698.0,Horizen,Horizen,ZEN,Horizen
9237.0,Horizon Protocol,Horizon Protocol,HZN,Horizon Protocol
2993.0,HorusPay,HorusPay,HORUS,HorusPay
1669.0,Humaniq,Humaniq,HMQ,Humaniq
6941.0,Huobi BTC,Huobi BTC,HBTC,Huobi BTC
2502.0,Huobi Token,Huobi Token,HT,Huobi Token
1466.0,Hush,Hush,HUSH,Hush
3748.0,Hxro,Hxro,HXRO,Hxro
8245.0,Hydra,Hydra,HYDRA,Hydra
2430.0,Hydro Protocol,Hydro Protocol,HOT,Hydro Protocol
1903.0,HyperCash,HyperCash,HC,HyperCash
3695.0,Hyperion,Hyperion,HYN,Hyperion
3608.0,Hyprr (Howdoo),Howdoo,UDOO,Hyprr (Howdoo)
7552.0,Hyve,Hyve,HYVE,Hyve
495.0,I/O Coin,I/O Coin,IOC,I/O Coin
7726.0,ICHI,ICHI,ICHI,ICHI
2099.0,ICON,ICON,ICX,ICON
3928.0,IDEX,IDEX,IDEX,IDEX
2552.0,IHT Real Estate Protocol,IHT Real Estate Protocol,IHT,IHT Real Estate Protocol
9281.0,IMO,IMO,IMO,IMO
1281.0,ION,ION,ION,ION
3506.0,IONChain,IONChain,IONC,IONChain
2405.0,IOST,IOST,IOST,IOST
1720.0,IOTA,IOTA,MIOTA,IOTA
3336.0,IQeon,IQeon,IQN,IQeon
3874.0,IRISnet,IRISnet,IRIS,IRISnet
7681.0,Ideaology,Ideaology,IDEA,Ideaology
5836.0,Idena,Idena,IDNA,Idena
7841.0,Idle,Idle,IDLE,IDLE
2276.0,Ignis,Ignis,IGNIS,Ignis
8719.0,Illuvium,Illuvium,ILV,Illuvium
9532.0,Impermax,Impermax,IMX,Impermax
8908.0,ImpulseVen,ImpulseVen,VEN,ImpulseVen
7336.0,Index Cooperative,Index Cooperative,INDEX,Index Cooperative
8260.0,Indexed Finance,Indexed Finance,NDX,Indexed Finance
41.0,Infinitecoin,Infinitecoin,IFC,Infinitecoin
3861.0,Infinitus Token,Infinitus Token,INF,Infinitus Token
4903.0,Infinity Esaham,Infinity Esaham,INFS,Infinity Esaham
7226.0,Injective Protocol,Injective Protocol,INJ,Injective Protocol
2209.0,Ink,Ink,INK,Ink
2549.0,Ink Protocol,Ink Protocol,XNK,Ink Protocol
5389.0,Insula,Insula,ISLA,Insula
8799.0,InsurAce,InsurAce,INSUR,InsurAce
2741.0,Intelligent Investment Chain,Intelligent Investment Chain,IIC,Intelligent Investment Chain
8916.0,Internet Computer,Internet Computer,ICP,Internet Computer
2022.0,Internxt,Internxt,INXT,Internxt
8720.0,Inverse Finance,Inverse Finance,INV,Inverse Finance
2251.0,IoT Chain,IoT Chain,ITC,IoT Chain
2777.0,IoTeX,IoTeX,IOTX,IoTeX
13.0,Ixcoin,Ixcoin,IXC,Ixcoin
5488.0,JUST,JUST,JST,JUST
7305.0,Jackpot,Jackpot,777,Jackpot
5025.0,Jade Currency,Jade Currency,JADE,Jade Currency
8659.0,Jetfuel Finance,Jetfuel Finance,FUEL,Jetfuel Finance
7545.0,Jointer,Jointer,JNTR,Jointer
8164.0,JulSwap,JulSwap,JULD,JulSwap
1503.0,Jupiter,Jupiter,JUP,Jupiter
6482.0,Jur,Jur,JUR,Jur
6937.0,JustLiquidity,JustLiquidity,JUL,JustLiquidity
5224.0,Juventus Fan Token,Juventus Fan Token,JUV,Juventus Fan Token
9205.0,K21,K21,K21,K21
8877.0,KIWIGO,KIWIGO,KGO,Kiwigo
5647.0,Kadena,Kadena,KDA,Kadena
3634.0,Kambria,Kambria,KAT,Kambria
2890.0,KanadeCoin,KanadeCoin,KNDC,KanadeCoin
8543.0,Kangal,Kangal,KANGAL,Kangal
1340.0,Karbo,Karbo,KRB,Karbo
5453.0,KardiaChain,KardiaChain,KAI,KardiaChain
7885.0,Katalyo,Katalyo,KTLYO,Katalyo
9110.0,Kattana,Kattana,KTN,Kattana
4846.0,Kava.io,Kava.io,KAVA,Kava.io
8334.0,Kebab Token,Kebab Token,KEBAB,Kebab Token
5566.0,Keep Network,Keep Network,KEEP,Keep Network
7535.0,Keep3rV1,Keep3rV1,KP3R,Keep3rV1
7678.0,KeeperDAO,KeeperDAO,ROOK,KeeperDAO
8897.0,KickPad,KickPad,KPAD,KickPad
1993.0,Kin,Kin,KIN,Kin
6930.0,Kira Network,Kira Network,KEX,KIRA Network
6883.0,KittenFinance,KittenFinance,KIF,KittenFinance
4256.0,Klaytn,Klaytn,KLAY,Klaytn
3581.0,Kleros,Kleros,PNK,Kleros
6724.0,Klever,Klever,KLV,Klever
8282.0,Koinos,Koinos,KOIN,Koinos
7760.0,Komet,Komet,KOMET,Komet
1521.0,Komodo,Komodo,KMD,Komodo
8697.0,Konomi Network,Konomi Network,KONO,Konomi Network
2949.0,Kryll,Kryll,KRL,KRYLL
2087.0,KuCoin Token,KuCoin Token,KCS,KuCoin Token
6507.0,Kulupu,Kulupu,KLP,Kulupu
5034.0,Kusama,Kusama,KSM,Kusama
8813.0,LABS Group,LABS Group,LABS,LABS Group
2090.0,LATOKEN,LATOKEN,LA,LATOKEN
1298.0,LBRY Credits,LBRY Credits,LBC,LBRY Credits
4950.0,LCX,LCX,LCX,LCX
6665.0,LGCY Network,LGCY Network,LGCY,LGCY Network
2600.0,LGO Token,LGO Token,LGO,LGO Token
4850.0,LINKA,LINKA,LINKA,LINKA
3714.0,LTO Network,LTO Network,LTO,LTO Network
3657.0,Lambda,Lambda,LAMB,Lambda
2337.0,Lamden,Lamden,TAU,Lamden
7616.0,Lattice Token,Lattice Token,LTX,Lattice Token
8545.0,Launchpool,Launchpool,LPOOL,Launchpool
9341.0,Lendefi,Lendefi,LDFI,Lendefi
2686.0,Lendingblock,Lendingblock,LND,Lendingblock
8845.0,Lepricon,Lepricon,L3P,Lepricon
7772.0,Leverj Gluon,Leverj Gluon,L2,Leverj Gluon
6705.0,Lien,Lien,LIEN,Lien
2909.0,LikeCoin,LikeCoin,LIKE,LikeCoin
7102.0,Linear,Linear,LINA,Linear
2468.0,LinkEye,LinkEye,LET,Linkeye
3499.0,Liquidity Network,Liquidity Network,LQD,Liquidity Network
7429.0,Liquity,Liquity,LQTY,Liquity
9566.0,Liquity USD,Liquity USD,LUSD,Liquity USD
1214.0,Lisk,Lisk,LSK,Lisk
5038.0,Litecash,Litecash,CASH,Litecash
2.0,Litecoin,Litecoin,LTC,Litecoin
2540.0,Litecoin Cash,Litecoin Cash,LCC,Litecoin Cash
6833.0,Litentry,Litentry,LIT,Litentry
3070.0,Litex,Litex,LXT,LITEX
3870.0,Lition,Lition,LIT,Lition
3640.0,Livepeer,Livepeer,LPT,Livepeer
3203.0,Lobstex,Lobstex,LOBS,Lobstex
2970.0,LocalCoinSwap,LocalCoinSwap,LCS,LocalCoinSwap
2287.0,LockTrip,LockTrip,LOC,LockTrip
1934.0,Loopring,Loopring,LRC,Loopring
8399.0,Lotto,Lotto,LOTTO,Lotto
7216.0,Lua Token,Lua Token,LUA,Lua Token
4285.0,Lukki Operating Token,Lukki Operating Token,LOT,Lukki Operating Token
1658.0,Lunyr,Lunyr,LUN,Lunyr
2554.0,Lympo,Lympo,LYM,Lympo
9482.0,Lympo Market Token,Lympo Market Token,LMT,Lympo Market Token
7762.0,Lyra,Lyra,LYR,Lyra
6536.0,MANTRA DAO,MANTRA DAO,OM,MANTRA DAO
8166.0,MAPS,MAPS,MAPS,MAPS
8376.0,MASQ,MASQ,MASQ,MASQ
5616.0,MATH,MATH,MATH,MATH
5956.0,MCDEX,MCDEX,MCB,MCDEX
7875.0,MM Token,MM Token,MM,MM Token
9169.0,MMAON,MMAON,MMAON,MMAON
3449.0,MMOCoin,MMOCoin,MMO,MMOCoin
9175.0,MOBOX,MOBOX,MBOX,Mobox
6692.0,MORK,MORK,MORK,MORK
9041.0,MU DANK,MU DANK,DANK,MU DANK
4041.0,MX Token,MX Token,MX,MX Token
3628.0,MXC,MXC,MXC,MXC
6594.0,MYX Network,MYX Network,MYX,MYX Network
6521.0,Machi X,Machi X,MCX,Machi X
8043.0,MahaDAO,MahaDAO,MAHA,MahaDAO
291.0,MaidSafeCoin,MaidSafeCoin,MAID,MaidSafeCoin
3774.0,Maincoin,Maincoin,MNC,MainCoin
1518.0,Maker,Maker,MKR,Maker
5210.0,MalwareChain,MalwareChain,MALW,MalwareChain
9417.0,Maple,Maple,MPL,Maple
8411.0,Marginswap,Marginswap,MFI,Marginswap
7497.0,Marlin,Marlin,POND,Marlin
8253.0,Mars,Mars,Mars,Mars
2674.0,Masari,Masari,MSR,Masari
8536.0,Mask Network,Mask Network,MASK,Mask Network
2474.0,Matrix AI Network,Matrix AI Network,MAN,Matrix AI Network
2325.0,Matryx,Matryx,MTX,MATRYX
128.0,Maxcoin,Maxcoin,MAX,Maxcoin
8335.0,Mdex,Mdex,MDX,Mdex
2348.0,Measurable Data Token,Measurable Data Token,MDT,Measurable Data Token
2303.0,MediBloc,MediBloc,MED,Medibloc
2274.0,MediShares,MediShares,MDS,MediShares
9524.0,Media Network,Media Network,MEDIA,Media Network
2497.0,Medicalchain,Medicalchain,MTN,Medicalchain
7540.0,MegaCryptoPolis,MegaCryptoPolis,MEGA,MegaCryptoPolis
6597.0,Meme,Meme,MEME,Meme
2869.0,Merculet,Merculet,MVP,Merculet
1590.0,Mercury,Mercury,MER,Mercury
3915.0,Merebel,Merebel,MERI,Merebel
6566.0,Meridian Network,Meridian Network,LOCK,Meridian Network
3418.0,Metadium,Metadium,META,Metadium
1788.0,Metal,Metal,MTL,Metal
1703.0,Metaverse ETP,Metaverse ETP,ETP,Metaverse ETP
9207.0,Metaverse Index,Metaverse Index,MVI,Metaverse Index
8505.0,Metawhale Gold,Metawhale Gold,MWG,Metawhale Gold
5919.0,Meter Governance,Meter Governance,MTRG,Meter Governance
9108.0,Method Finance,Method Finance,MTHD,Method Finance
2873.0,Metronome,Metronome,MET,Metronome
7256.0,Mettalex,Mettalex,MTLX,Mettalex
4505.0,Midas,Midas,MIDAS,Midas
8486.0,Midas Dollar,Midas Dollar,MDO,Midas Dollar
8485.0,Midas Dollar Share,Midas Dollar Share,MDS,Midas Dollar Share
8675.0,Minds,Minds,MINDS,Minds
7857.0,Mirror Protocol,Mirror Protocol,MIR,Mirror Protocol
8006.0,Mirrored Alibaba,Mirrored Alibaba,mBABA,Mirrored Alibaba
8016.0,Mirrored Amazon,Mirrored Amazon,mAMZN,Mirrored Amazon
8001.0,Mirrored Apple,Mirrored Apple,mAAPL,Mirrored Apple
8003.0,Mirrored Google,Mirrored Google,mGOOGL,Mirrored Google
8025.0,Mirrored Invesco QQQ Trust,Mirrored Invesco QQQ Trust,mQQQ,Mirrored Invesco QQQ Trust
8017.0,Mirrored Microsoft,Mirrored Microsoft,mMSFT,Mirrored Microsoft
8005.0,Mirrored Netflix,Mirrored Netflix,mNFLX,Mirrored Netflix
8028.0,Mirrored ProShares VIX,Mirrored ProShares VIX,mVIXY,Mirrored ProShares VIX
8004.0,Mirrored Tesla,Mirrored Tesla,mTSLA,Mirrored Tesla
8018.0,Mirrored Twitter,Mirrored Twitter,mTWTR,Mirrored Twitter
8027.0,Mirrored United States Oil Fund,Mirrored United States Oil Fund,mUSO,Mirrored United States Oil Fund
8024.0,Mirrored iShares Gold Trust,Mirrored iShares Gold Trust,mIAU,Mirrored iShares Gold Trust
8026.0,Mirrored iShares Silver Trust,Mirrored iShares Silver Trust,mSLV,Mirrored iShares Silver Trust
9218.0,Mist,Mist,MIST,Mist
2608.0,Mithril,Mithril,MITH,Mithril
8141.0,Mithril Share,Mithril Share,MIS,Mithril Share
4366.0,MixMarvel,MixMarvel,MIX,MixMarvel
9132.0,MobiFi,MobiFi,MoFi,MobiFi
1715.0,MobileGo,MobileGo,MGO,MobileGo
2429.0,Mobius,Mobius,MOBI,Mobius
9440.0,Mochi Market,Mochi Market,MOMA,Mochi Market
5125.0,Mochimo,Mochimo,MCM,Mochimo
8494.0,Modefi,Modefi,MOD,Modefi
6176.0,Modern Investment Coin,Modern Investment Coin,MODIC,Modern Investment Coin
1954.0,Moeda Loyalty Points,Moeda Loyalty Points,MDA,Moeda Loyalty Points
213.0,MonaCoin,MonaCoin,MONA,MonaCoin
7866.0,Monavale,Monavale,MONA,Monavale
328.0,Monero,Monero,XMR,Monero
706.0,MonetaryUnit,MonetaryUnit,MUE,MonetaryUnit
1947.0,Monetha,Monetha,MTH,Monetha
3243.0,Moneytoken,Moneytoken,IMT,MoneyToken
2230.0,Monkey Project,Monkey Project,MONK,Monkey Project
1660.0,Monolith,Monolith,TKN,Monolith
7017.0,MoonSwap,MoonSwap,MOON,MoonSwap
7406.0,MoonTools,MoonTools,MOONS,MoonTools
12345432.0,Mooncoin,Mooncoin,MOON,Mooncoin
2709.0,Morpheus Labs,Morpheus Labs,MITX,Morpheus Labs
4028.0,MotaCoin,MotaCoin,MOTA,MotaCoin
7371.0,Mover,Mover,MOVE,Mover
4038.0,MovieBloc,MovieBloc,MBL,MovieBloc
3853.0,MultiVAC,MultiVAC,MTV,MultiVAC
6583.0,Multiplier,Multiplier,MXX,Multiplier
8647.0,MurAll,MurAll,PAINT,MurAll
7805.0,Muse,Muse,MUSE,Muse
8502.0,Mushroom,Mushroom,MUSH,Mushroom
2712.0,MyToken,MyToken,MT,MyToken
2236.0,MyWish,MyWish,WISH,MyWish
182.0,Myriad,Myriad,XMY,Myriad
1721.0,Mysterium,Mysterium,MYST,Mysterium
8019.0,N3RD Finance,N3RD Finance,N3RDz,N3RD Finance
2305.0,NAGA,NAGA,NGC,NAGA
2595.0,NANJCOIN,NANJCOIN,NANJ,NANJCOIN
9504.0,NAOS Finance,NAOS Finance,NAOS,NAOS Finance
873.0,NEM,NEM,XEM,NEM
5841.0,NEST Protocol,NEST Protocol,NEST,Nest Protocol
3651.0,NEXT,NEXT,NEXT,NEXT
8700.0,NFT Index,NFT Index,NFTI,NFT Index
8030.0,NFTLootBox,NFTLootBox,LOOT,NFTLootBox
8191.0,NFTX,NFTX,NFTX,NFTX
2991.0,NIX,NIX,NIX,NIX
2780.0,NKN,NKN,NKN,NKN
2092.0,NULS,NULS,NULS,Nuls
8367.0,Name Change Token,Name Change Token,NCT,Name Change Token
3.0,Namecoin,Namecoin,NMC,Namecoin
1567.0,Nano,Nano,NANO,Nano
3829.0,Nash,Nash,NEX,Nash
584.0,NativeCoin,NativeCoin,N8V,NativeCoin
377.0,Navcoin,Navcoin,NAV,NavCoin
1955.0,Neblio,Neblio,NEBL,Neblio
1908.0,Nebulas,Nebulas,NAS,Nebulas
2538.0,Nectar,Nectar,NEC,Nectar
1376.0,Neo,Neo,NEO,NEO
3596.0,Nerva,Nerva,XNV,Nerva
8755.0,Nerve Finance,Nerve Finance,NRV,Nerve Finance
4948.0,Nervos Network,Nervos Network,CKB,Nervos Network
4297.0,Netbox Coin,Netbox Coin,NBX,Netbox Coin
2318.0,Neumark,Neumark,NEU,Neumark
3016.0,NeuroChain,NeuroChain,NCC,NeuroChain
2536.0,Neurotoken,Neurotoken,NTK,Neurotoken
5068.0,Neutrino USD,Neutrino USD,USDN,Neutrino USD
2694.0,Nexo,Nexo,NEXO,NEXO
2714.0,Nexty,Nexty,NTY,Nexty
789.0,Nexus,Nexus,NXS,Nexus
6891.0,Niftyx Protocol,Niftyx Protocol,SHROOM,Niftyx Protocol
2916.0,Nimiq,Nimiq,NIM,Nimiq
3006.0,Niobio,Niobio,NBR,Niobio
1382.0,NoLimitCoin,NoLimitCoin,NLC2,NoLimitCoin
7993.0,Node Runners,Node Runners,NDR,Node Runners
9068.0,Nodeseeds,Nodeseeds,NDS,Nodeseeds
7389.0,Non-Fungible Yearn,Non-Fungible Yearn,NFY,Non-Fungible Yearn
8143.0,Nord Finance,Nord Finance,NORD,Nord Finance
8885.0,Novara Calcio Fan Token,Novara Calcio Fan Token,NOV,Novara Calcio Fan Token
4761.0,NuCypher,NuCypher,NU,NuCypher
2544.0,Nucleus Vision,Nucleus Vision,NCASH,Nucleus Vision
6933.0,Nuco.cloud,Nuco.cloud,NCDT,Nuco.Cloud
1732.0,Numeraire,Numeraire,NMR,Numeraire
66.0,Nxt,Nxt,NXT,NXT
7643.0,Nyan V2,Nyan V2,NYAN-2,Nyan V2
5155.0,Nyzo,Nyzo,NYZO,Nyzo
1853.0,OAX,OAX,OAX,OAX
2631.0,ODEM,ODEM,ODE,ODEM
9546.0,ODIN PROTOCOL,ODIN PROTOCOL,ODIN,Odin Protocol
5309.0,OG Fan Token,OG Fan Token,OG,OG Fan Token
6870.0,OIN Finance,OIN Finance,OIN,OIN Finance
3897.0,OKB,OKB,OKB,OKB
760.0,OKCash,OKCash,OK,OKCash
1808.0,OMG Network,OMG Network,OMG,OMG Network
7684.0,ORO,ORO,ORO,ORO
2296.0,OST,OST,OST,OST
2894.0,OTCBTC Token,OTCBTC Token,OTB,OTCBTC Token
8144.0,OVR,OVR,OVR,Ovr
3120.0,OWNDATA,OWNDATA,OWN,OWNDATA
7653.0,Oasis Network,Oasis Network,ROSE,Oasis Network
1492.0,Obyte,Obyte,GBYTE,Obyte
3911.0,Ocean Protocol,Ocean Protocol,OCEAN,Ocean Protocol
3880.0,OceanEx Token,OceanEx Token,OCE,OceanEX Token
9117.0,Oction,Oction,OCTI,Oction
7202.0,OctoFi,OctoFi,OCTO,OctoFi
8717.0,Oddz,Oddz,ODDZ,Oddz
2458.0,Odyssey,Odyssey,OCN,Odyssey
6236.0,Offshift,Offshift,XFT,Offshift
9067.0,Olympus,Olympus,OHM,Olympus
8484.0,Olyseum,Olyseum,OLY,Olyseum
83.0,Omni,Omni,OMNI,Omni
8071.0,OnX Finance,OnX Finance,ONX,OnX Finance
8159.0,One Cash,One Cash,ONC,One Cash
2921.0,OneLedger,OneLedger,OLT,OneLedger
2400.0,OneRoot Network,OneRoot Network,RNT,OneRoot Network
7136.0,OneSwap DAO Token,OneSwap DAO Token,ONES,OneSwap DAO Token
2566.0,Ontology,Ontology,ONT,Ontology
3632.0,Opacity,Opacity,OPCT,Opacity
7783.0,Open Governance Token,Open Governance Token,OPEN,OPEN Governance Token
6970.0,OpenAlexa Protocol,OpenAlexa Protocol,OAP,OpenAlexa Protocol
7230.0,Opium,Opium,OPIUM,Opium
8351.0,OptionRoom,OptionRoom,ROOM,OptionRoom
7533.0,Oraichain Token,Oraichain Token,ORAI,Oraichain Token
3835.0,Orbs,Orbs,ORBS,Orbs
7189.0,Origin Dollar,Origin Dollar,OUSD,Origin Dollar
5117.0,Origin Protocol,Origin Protocol,OGN,Origin Protocol
2879.0,Origin Sport,Origin Sport,ORS,Origin Sport
2467.0,OriginTrail,OriginTrail,TRAC,OriginTrail
3985.0,Origo,Origo,OGO,Origo
5631.0,Orion Protocol,Orion Protocol,ORN,Orion Protocol
4466.0,Ormeus Ecosystem,Ormeus Ecosystem,ECO,Ormeus Ecosystem
2748.0,Oxen,Oxen,OXEN,Oxen
8029.0,Oxygen,Oxygen,OXY,Oxygen
1107.0,PAC Protocol,PAC Protocol,PAC,PAC Protocol
8329.0,PAID Network,PAID Network,PAID,PAID Network
5410.0,PARSIQ,PARSIQ,PRQ,PARSIQ
4705.0,PAX Gold,PAX Gold,PAXG,PAX Gold
5354.0,PEAKDEFI,PEAKDEFI,PEAK,PEAKDEFI
3768.0,PIBBLE,PIBBLE,PIB,Pibble
7981.0,PIGX,PIGX,PIGX,PIGX
1169.0,PIVX,PIVX,PIVX,PIVX
9544.0,POLKARARE,POLKARARE,PRARE,Polkarare
8554.0,PRCY Coin,PRCY Coin,PRCY,PRCY Coin
1066.0,Pakcoin,Pakcoin,PAK,Pakcoin
7791.0,Pancake Bunny,Pancake Bunny,BUNNY,Pancake Bunny
7186.0,PancakeSwap,PancakeSwap,CAKE,PancakeSwap
9063.0,PancakeTools,PancakeTools,TCAKE,PancakeTools
8422.0,Pangolin,Pangolin,PNG,Pangolin
4051.0,Parachute,Parachute,PAR,Parachute
8665.0,Parallel,Parallel,PAR,Parallel
5226.0,Paris Saint-Germain Fan Token,Paris Saint-Germain Fan Token,PSG,Paris Saint-Germain Fan Token
2720.0,Parkgene,Parkgene,GENE,Parkgene
1826.0,Particl,Particl,PART,Particl
1473.0,Pascal,Pascal,PASC,Pascal
8243.0,Passive Income,Passive Income,PSI,Passive Income
8738.0,Pastel,Pastel,PSL,Pastel
1708.0,Patientory,Patientory,PTOY,Patientory
5086.0,Pawtocol,Pawtocol,UPI,Pawtocol
3330.0,Paxos Standard,Paxos Standard,PAX,Paxos Standard
2036.0,PayPie,PayPie,PPP,PayPie
7749.0,Paypolitan Token,Paypolitan Token,EPAN,Paypolitan Token
5.0,Peercoin,Peercoin,PPC,Peercoin
4979.0,PegNet,PegNet,PEG,PegNet
9481.0,Pendle,Pendle,PENDLE,Pendle
7435.0,Pepemon Pepeballs,Pepemon Pepeballs,PPBLZ,Pepemon Pepeballs
7105.0,Permission Coin,Permission Coin,ASK,Permission Coin
6950.0,Perpetual Protocol,Perpetual Protocol,PERP,Perpetual Protocol
7281.0,Persistence,Persistence,XPRT,Persistence
5203.0,Perth Mint Gold Token,Perth Mint Gold Token,PMGT,Perth Mint Gold Token
8382.0,Petrachor,Petrachor,PTA,Petrachor
6841.0,Phala Network,Phala Network,PHA,Phala Network
2827.0,Phantasma,Phantasma,SOUL,Phantasma
7298.0,Phantasma Energy,Phantasma Energy,KCAL,Phantasma Energy
2112.0,Phoenix Global,Phoenix Global,PHB,Phoenix Global
5674.0,PhoenixDAO,PhoenixDAO,PHNX,PhoenixDAO
2158.0,Phore,Phore,PHR,Phore
7022.0,Pickle Finance,Pickle Finance,PICKLE,Pickle Finance
8323.0,PieDAO Balanced Crypto Pie,PieDAO Balanced Crypto Pie,BCP,PieDAO Balanced Crypto Pie
7337.0,PieDAO DEFI Large Cap,PieDAO DEFI Large Cap,DEFI+L,PieDAO DEFI Large Cap
7314.0,PieDAO DEFI Small Cap,PieDAO DEFI Small Cap,DEFI+S,PieDAO DEFI Small Cap
7874.0,PieDAO DEFI++,PieDAO DEFI++,DEFI++,PieDAO DEFI++
7284.0,PieDAO DOUGH v2,PieDAO DOUGH v2,DOUGH,PieDAO DOUGH v2
8324.0,PieDAO Yearn Ecosystem Pie,PieDAO Yearn Ecosystem Pie,YPIE,PieDAO Yearn Ecosystem Pie
2988.0,Pigeoncoin,Pigeoncoin,PGN,Pigeoncoin
1834.0,Pillar,Pillar,PLR,Pillar
313.0,Pinkcoin,Pinkcoin,PINK,Pinkcoin
3951.0,Pirate Chain,Pirate Chain,ARRR,Pirate Chain
4460.0,PirateCash,PirateCash,PIRATE,PirateCash
4115.0,Pivot Token,Pivot Token,PVT,Pivot Token
3711.0,Plair,Plair,PLA,Plair
7870.0,Plasma Finance,Plasma Finance,PPAY,Plasma Finance
3753.0,PlatonCoin,PlatonCoin,PLTC,PlatonCoin
8704.0,Playcent,Playcent,PCNT,Playcent
2838.0,Plian,Plian,PI,Plian
7422.0,PlotX,PlotX,PLOT,PlotX
3324.0,PluraCoin,PluraCoin,PLURA,PluraCoin
1392.0,Pluton,Pluton,PLU,Pluton
2359.0,Polis,Polis,POLIS,Polis
8320.0,PolkaBridge,PolkaBridge,PBR,PolkaBridge
9264.0,PolkaDomain,PolkaDomain,NAME,PolkaDomain
8617.0,PolkaFoundry,PolkaFoundry,PKF,PolkaFoundry
8549.0,Polkacity,Polkacity,POLC,Polkacity
6636.0,Polkadot,Polkadot,DOT,Polkadot
8169.0,Polkainsure Finance,Polkainsure Finance,PIS,Polkainsure Finance
8970.0,Polkalokr,Polkalokr,LKR,Polkalokr
8579.0,Polkamarkets,Polkamarkets,POLK,Polkamarkets
8968.0,Polkamon,Polkamon,PMON,Polkamon
7208.0,Polkastarter,Polkastarter,POLS,Polkastarter
2630.0,PolySwarm,PolySwarm,NCT,PolySwarm
3890.0,Polygon,Polygon,MATIC,Polygon
7315.0,Polyient Games Governance Token,Polyient Games Governance Token,PGT,Polyient Games Governance Token
8508.0,PoolTogether,PoolTogether,POOL,PoolTogether
8271.0,Poolz Finance,Poolz Finance,POOLZ,Poolz Finance
9073.0,Popsicle Finance,Popsicle Finance,ICE,Popsicle Finance
1789.0,Populous,Populous,PPT,Populous
6496.0,Portal,Portal,PORTAL,Portal
7348.0,Portion,Portion,PRT,Portion
122.0,PotCoin,PotCoin,POT,Potcoin
7368.0,Power Index Pool Token,Power Index Pool Token,PIPT,Power Index Pool Token
2132.0,Power Ledger,Power Ledger,POWR,Power Ledger
7190.0,PowerTrade Fuel,PowerTrade Fuel,PTF,PowerTrade Fuel
8476.0,Premia,Premia,PREMIA,Premia
2245.0,Presearch,Presearch,PRE,Presearch
1930.0,Primas,Primas,PST,Primas
42.0,Primecoin,Primecoin,XPM,Primecoin
4586.0,ProBit Token,ProBit Token,PROB,Probit Token
9172.0,Professional Fighters League Fan Token,Professional Fighters League Fan Token,PFL,Professional Fighters League Fan Token
8746.0,Project Inverse,Project Inverse,XIV,Project Inverse
4120.0,Prometeus,Prometeus,PROM,Prometeus
8241.0,Prophecy,Prophecy,PRY,Prophecy
5880.0,Props Token,Props Token,PROPS,Props Token
1974.0,Propy,Propy,PRO,Propy
8255.0,Prosper,Prosper,PROS,Prosper
5350.0,Proton,Proton,XPR,Proton
3126.0,ProximaX,ProximaX,XPX,ProximaX
8423.0,Public Mint,Public Mint,MINT,Public Mint
3164.0,PumaPay,PumaPay,PMA,PumaPay
8491.0,Punk Basic,Punk Basic,PUNK-BASIC,Punk Basic
1299.0,PutinCoin,PutinCoin,PUT,PutinCoin
2330.0,Pylon Network,Pylon Network,PYLNT,Pylon Network
2213.0,QASH,QASH,QASH,QASH
2321.0,QLC Chain,QLC Chain,QLC,QLC Chain
8373.0,QUAI DAO,QUAI DAO,QUAI,Quai Dao
2242.0,Qbao,Qbao,QBT,Qbao
1684.0,Qtum,Qtum,QTUM,Qtum
3155.0,Quant,Quant,QNT,Quant
2212.0,Quantstamp,Quantstamp,QSP,Quantstamp
1712.0,Quantum Resistant Ledger,Quantum Resistant Ledger,QRL,Quantum Resistant Ledger
53.0,Quark,Quark,QRK,Quark
2840.0,QuarkChain,QuarkChain,QKC,QuarkChain
8206.0,QuickSwap,QuickSwap,QUICK,Quickswap
7510.0,QuiverX,QuiverX,QRX,QuiverX
2375.0,QunQun,QunQun,QUN,QunQun
3942.0,Qwertycoin,Qwertycoin,QWC,Qwertycoin
7463.0,RAMP,RAMP,RAMP,RAMP
2771.0,RED,RED,RED,Red
6993.0,REVV,REVV,REVV,REVV
6503.0,RMPL,RMPL,RMPL,RMPL
8105.0,ROCKI,ROCKI,ROCKS,Rocki
4804.0,ROOBEE,ROOBEE,ROOBEE,Roobee
3701.0,RSK Infrastructure Framework,RSK Infrastructure Framework,RIF,RSK Infrastructure Framework
6843.0,Radicle,Radicle,RAD,Radicle
8525.0,Rai Reflex Index,Rai Reflex Index,RAI,Rai Reflex Index
2161.0,Raiden Network Token,Raiden Network Token,RDN,Raiden Network Token
9061.0,Rainicorn,Rainicorn,RAINI,Rainicorn
8075.0,Rally,Rally,RLY,Rally
3432.0,Rapids,Rapids,RPD,Rapids
7486.0,Rari Governance Token,Rari Governance Token,RGT,Rari Governance Token
5877.0,Rarible,Rarible,RARI,Rarible
2880.0,Rate3,Rate3,RTE,Rate3
4024.0,Raven Protocol,Raven Protocol,RAVEN,Raven Protocol
2577.0,Ravencoin,Ravencoin,RVN,Ravencoin
8526.0,Raydium,Raydium,RAY,Raydium
9173.0,Raze Network,Raze Network,RAZE,Raze Network
8409.0,Razor Network,Razor Network,RAZOR,Razor Network
4166.0,Realio Network,Realio Network,RIO,Realio Network
7677.0,ReapChain,ReapChain,REAP,ReapChain
7654.0,RedFOX Labs,RedFOX Labs,RFOX,RedFOX Labs
118.0,ReddCoin,ReddCoin,RDD,Reddcoin
2553.0,Refereum,Refereum,RFR,Refereum
9269.0,Refinable,Refinable,FINE,Refinable
9493.0,Reflexer Ungovernance Token,Reflexer Ungovernance Token,FLX,Reflexer Ungovernance Token
6541.0,Relevant,Relevant,REL,Relevant
2546.0,Remme,Remme,REM,Remme
2539.0,Ren,Ren,REN,REN
5690.0,Render Token,Render Token,RNDR,Render Token
3904.0,Renewable Electronic Energy Coin,Renewable Electronic Energy Coin,REEC,Renewable Electronic Energy Coin
2071.0,Request,Request,REQ,Request
6727.0,Reserve,Reserve,RSV,Reserve
2135.0,Revain,Revain,REV,Revain
6537.0,RioDeFi,RioDeFi,RFUEL,RioDeFi
2096.0,Ripio Credit Network,Ripio Credit Network,RCN,Ripio Credit Network
4697.0,Rivex,Rivex,RVX,Rivex
5936.0,Robonomics Web Services,Robonomics Web Services,RWS,Robonomics Web Services
3325.0,Robotina,Robotina,ROX,Robotina
2943.0,Rocket Pool,Rocket Pool,RPL,Rocket Pool
9176.0,Rocket Vault,Rocket Vault,RVF,Rocket Vault
7164.0,Rotten,Rotten,ROT,Rotten
8292.0,Router Protocol,Router Protocol,ROUTE,Router Protocol
7219.0,Rubic,Rubic,RBC,Rubic
215.0,Rubycoin,Rubycoin,RBY,Rubycoin
2476.0,Ruff,Ruff,RUFF,Ruff
8698.0,Ruler Protocol,Ruler Protocol,RULER,Ruler Protocol
4702.0,Rupiah Token,Rupiah Token,IDRT,Rupiah Token
2976.0,Ryo Currency,Ryo Currency,RYO,Ryo Currency
1996.0,SALT,SALT,SALT,SALT
7671.0,SEEN,SEEN,SEEN,SEEN
8740.0,SHD CASH,SHD CASH,SHDC,SHD Cash
5994.0,SHIBA INU,SHIBA INU,SHIB,Shiba Inu
1082.0,SIBCoin,SIBCoin,SIB,SIBCoin
3514.0,SINOVATE,SINOVATE,SIN,SINOVATE
2313.0,SIRIN LABS Token,SIRIN LABS Token,SRN,Sirin Labs Token
3724.0,SOLVE,SOLVE,SOLVE,SOLVE
1723.0,SONM,SONM,SNM,SONM
8576.0,SOTA Finance,SOTA Finance,SOTA,SOTA Finance
2989.0,STASIS EURO,STASIS EURO,EURS,STASIS EURO
5868.0,STATERA,STATERA,STA,Statera
2493.0,STK,STK,STK,STK
6180.0,SUKU,SUKU,SUKU,SUKU
7428.0,SWAG Finance,SWAG Finance,SWAG,SWAG Finance
7812.0,SYNC Network,SYNC Network,SYNC,Sync Network
7244.0,SaTT,SaTT,SATT,SaTT
3831.0,Safe Haven,Safe Haven,SHA,Safe Haven
3799.0,SafeCoin,SafeCoin,SAFE,SafeCoin
8757.0,SafeMoon,SafeMoon,SAFEMOON,SafeMoon
8119.0,SafePal,SafePal,SFP,SafePal
8966.0,Safemars,Safemars,SAFEMARS,Safemars
9194.0,Saito,Saito,SAITO,Saito
6997.0,SakeToken,SakeToken,SAKE,SakeToken
1807.0,Santiment Network Token,Santiment Network Token,SAN,Santiment Network Token
3091.0,Sapien,Sapien,SPN,Sapien
6991.0,Sashimi,Sashimi,SASHIMI,Sashimi
4074.0,ScPrime,ScPrime,SCP,ScPrime
2629.0,Scala,Scala,XLA,Scala
2428.0,Scry.info,Scry.info,DDD,Scry.info
5604.0,Secret,Secret,SCRT,Secret
9163.0,Secure Pad,Secure Pad,SEPA,Secure Pad
8972.0,Seedify.fund,Seedify.fund,SFUND,Seedify.fund
6868.0,Seigniorage Shares,Seigniorage Shares,SHARE,Seigniorage Shares
2398.0,Selfkey,Selfkey,KEY,SelfKey
6823.0,Semitoken,Semitoken,SEMI,Semitoken
2402.0,Sense,Sense,SENSE,Sense
2866.0,Sentinel Protocol,Sentinel Protocol,UPP,Sentinel Protocol
3917.0,Sentivate,Sentivate,SNTVT,Sentivate
6187.0,Serum,Serum,SRM,Serum
8643.0,Shadows,Shadows,DOWS,Shadows
5330.0,Shardus,Shardus,ULT,Shardus
4197.0,ShareToken,ShareToken,SHR,ShareToken
1050.0,Shift,Shift,SHIFT,Shift
3181.0,ShowHand,ShowHand,HAND,ShowHand
8917.0,Shyft Network,Shyft Network,SHFT,Shyft Network
1042.0,Siacoin,Siacoin,SC,Siacoin
9245.0,Signata,Signata,SATA,Signata
3868.0,SignatureChain,Signature Chain,SIGN,SignatureChain
1409.0,SingularDTV,SingularDTV,SNGLS,SingularDTV
2424.0,SingularityNET,SingularityNET,AGI,SingularityNET
8883.0,Sint-Truidense Voetbalvereniging Fan Token,Sint-Truidense Voetbalvereniging Fan Token,STV,Sint-Truidense Voetbalvereniging Fan Token
8701.0,Siren,Siren,SI,Siren
2725.0,Skrumble Network,Skrumble Network,SKM,Skrumble Network
1619.0,Skycoin,Skycoin,SKY,Skycoin
2658.0,Smart MFG,Smart MFG,MFG,Smart MFG
1828.0,SmartCash,SmartCash,SMART,SmartCash
8133.0,SmartKey,SmartKey,SKEY,SmartKey
2277.0,SmartMesh,SmartMesh,SMT,SmartMesh
2471.0,Smartlands Network,Smartlands Network,SLT,Smartlands Network
2862.0,Smartshare,Smartshare,SSP,Smartshare
9491.0,Smaugs NFT,Smaugs NFT,SMG,Smaugs NFT
799.0,SmileyCoin,SmileyCoin,SMLY,Smileycoin
7594.0,Smoothy,Smoothy,SMTY,Smoothy
3435.0,Snetwork,Snetwork,SNET,Snetwork
7367.0,SnowSwap,SnowSwap,SNOW,Snowswap
2240.0,SoMee.Social,SoMee.Social,ONG,SoMee.Social
7571.0,Social Rocket,Social Rocket,ROCKS,Social Rocket
5426.0,Solana,Solana,SOL,Solana
8268.0,Solomon Defi,Solomon Defi,SLM,Solomon Defi
5338.0,Somnium Space Cubes,Somnium Space Cubes,CUBE,Somnium Space CUBEs
2309.0,SophiaTX,SophiaTX,SPHTX,SophiaTX
5802.0,Sora,Sora,XOR,Sora
7876.0,Sora Validator Token,Sora Validator Token,VAL,Sora Validator Token
2410.0,SpaceChain,SpaceChain,SPC,SpaceChain
7386.0,Spaceswap MILK2,Spaceswap MILK2,MILK2,Spaceswap MILK2
7390.0,Spaceswap SHAKE,Spaceswap SHAKE,SHAKE,Spaceswap SHAKE
2219.0,SpankChain,SpankChain,SPANK,SpankChain
3935.0,SparkPoint,SparkPoint,SRK,SparkPoint
8145.0,SparkPoint Fuel,SparkPoint Fuel,SFUEL,SparkPoint Fuel
3307.0,Spendcoin,Spendcoin,SPND,Spendcoin
6715.0,Sperax,Sperax,SPA,Sperax
914.0,Sphere,Sphere,SPHR,Sphere
6209.0,Spheroid Universe,Spheroid Universe,SPH,Spheroid Universe
4259.0,Spice,Spice,SPICE,SPICE
8002.0,SpiderDAO,SpiderDAO,SPDR,SpiderDAO
8863.0,Splyt,Splyt,SHOPX,Splyt
9468.0,Spore,Spore,SPORE,Spore
3977.0,Sport and Leisure,Sport and Leisure,SNL,Sport and Leisure
8377.0,SportX,SportX,SX,SportX
6986.0,Squirrel Finance,Squirrel Finance,NUTS,Squirrel Finance
7366.0,Stabilize,Stabilize,STBZ,Stabilize
8629.0,Stacker Ventures,Stacker Ventures,STACK,Stacker Ventures
4847.0,Stacks,Stacks,STX,Stacks
7574.0,Stacy,Stacy,STACY,Stacy
5882.0,Stafi,Stafi,FIS,Stafi
8299.0,Stake DAO,Stake DAO,SDT,Stake DAO
8311.0,StakeHound Staked Ether,StakeHound Staked Ether,STETH,StakeHound Staked Ether
8945.0,StakedZEN,StakedZEN,STZEN,StakedZEN
2633.0,Stakenet,Stakenet,XSN,Stakenet
2295.0,Starbase,Starbase,STAR,Starbase
7271.0,Starname,Starname,IOV,Starname
389.0,Startcoin,Startcoin,START,Startcoin
1759.0,Status,Status,SNT,Status
448.0,Stealth,Stealth,XST,Stealth
1230.0,Steem,Steem,STEEM,Steem
1312.0,Steem Dollars,Steem Dollars,SBD,Steem Dollars
512.0,Stellar,Stellar,XLM,Stellar
9443.0,Step Finance,Step Finance,STEP,Step Finance
2616.0,Stipend,Stipend,SPD,Stipend
7245.0,Stobox Token,Stobox Token,STBU,Stobox Token
1772.0,Storj,Storj,STORJ,Storj
2297.0,StormX,StormX,STMX,StormX
1861.0,Stox,Stox,STX,Stox
1343.0,Stratis,Stratis,STRAX,Stratis
2143.0,Streamr,Streamr,DATA,Streamr
6511.0,Strong,Strong,STRONG,Strong
1106.0,StrongHands,StrongHands,SHND,StrongHands
1984.0,Substratum,Substratum,SUB,Substratum
1694.0,Sumokoin,Sumokoin,SUMO,Sumokoin
1786.0,SunContract,SunContract,SNC,SunContract
341.0,SuperCoin,SuperCoin,SUPER,SuperCoin
8290.0,SuperFarm,SuperFarm,SUPER,SuperFarm
9279.0,SuperLauncher,SuperLauncher,LAUNCH,SuperLauncher
8836.0,Superbid,Superbid,SUPERBID,SuperBid
2527.0,SureRemit,SureRemit,RMT,SureRemit
3878.0,Swap,Swap,XWP,Swap
9420.0,SwapDEX,SwapDEX,SDX,SwapDEX
6799.0,Swapfolio,Swapfolio,SWFL,Swapfolio
6901.0,Swerve,Swerve,SWRV,Swerve
2341.0,SwftCoin,SwftCoin,SWFTC,SWFTCOIN
5922.0,Swingby,Swingby,SWINGBY,Swingby
4279.0,Swipe,Swipe,SXP,Swipe
7467.0,Swirge,Swirge,SWG,Swirge
9051.0,Swirl Cash,Swirl Cash,SWIRL,Swirl Cash
2499.0,SwissBorg,SwissBorg,CHSB,SwissBorg
2620.0,Switcheo,Switcheo,SWTH,Switcheo
5662.0,Sylo,Sylo,SYLO,Sylo
951.0,Synergy,Synergy,SNRG,Synergy
4191.0,Syntropy,Syntropy,NOIA,Syntropy
541.0,Syscoin,Syscoin,SYS,Syscoin
8455.0,TAMA EGG NiftyGotchi,TAMA EGG NiftyGotchi,TME,TAMA EGG NiftyGotchi
2578.0,TE-FOOD,TE-FOOD,TONE,TE-FOOD
2912.0,TENT,TENT,TENT,TENT
3948.0,TERA,TERA,TERA,TERA
2507.0,THEKEY,THEKEY,TKY,THEKEY
4157.0,THORChain,THORChain,RUNE,THORChain
8272.0,THORChain (ERC20),THORChain (ERC20),RUNE,THORChain (ERC20)
7505.0,TON Crystal,TON Crystal,TON,TON Crystal
1958.0,TRON,TRON,TRX,TRON
5007.0,TROY,TROY,TROY,Troy
6575.0,Tacos,Tacos,TACO,Tacos
8463.0,Tapmydata,Tapmydata,TAP,Tapmydata
7636.0,Team Heretics Fan Token,Team Heretics Fan Token,TH,Team Heretics Fan Token
2394.0,Telcoin,Telcoin,TEL,Telcoin
4944.0,Tellor,Tellor,TRB,Tellor
4660.0,Telos,Telos,TLOS,Telos
3482.0,Teloscoin,Teloscoin,TELOS,Teloscoin
1758.0,TenX,TenX,PAY,TenX
5971.0,Tendies,Tendies,TEND,Tendies
2876.0,Ternio,Ternio,TERN,Ternio
4172.0,Terra,Terra,LUNA,Terra
8037.0,Terra Virtua Kolect,Terra Virtua Kolect,TVK,Terra Virtua Kolect
4165.0,TerraCredit,TerraCredit,CREDIT,TerraCredit
5115.0,TerraKRW,TerraKRW,KRT,TerraKRW
7129.0,TerraUSD,TerraUSD,UST,TerraUSD
4.0,Terracoin,Terracoin,TRC,Terracoin
825.0,Tether,Tether,USDT,Tether
5176.0,Tether Gold,Tether Gold,XAUT,Tether Gold
2011.0,Tezos,Tezos,XTZ,Tezos
9416.0,The Crypto Prophecies,The Crypto Prophecies,TCP,The Crypto Prophecies
8391.0,The Famous Token,The Famous Token,TFT,The Famous Token
6719.0,The Graph,The Graph,GRT,The Graph
6210.0,The Sandbox,The Sandbox,SAND,The Sandbox
3822.0,Theta Fuel,Theta Fuel,TFUEL,Theta Fuel
2987.0,ThingsOperatingSystem,ThingsOperatingSystem,TOS,ThingsOperatingSystem
7356.0,Thirm Protocol,Thirm Protocol,THIRM,Thirm Protocol
8912.0,Tidal Finance,Tidal Finance,TIDAL,Tidal Finance
2542.0,Tidex Token,Tidex Token,TDX,Tidex Token
1923.0,Tierion,Tierion,TNT,Tierion
2235.0,Time New Bank,Time New Bank,TNB,Time New Bank
3913.0,Titan Coin,Titan Coin,TTN,Titan Coin
7206.0,TitanSwap,TitanSwap,TITAN,TitanSwap
7024.0,Tixl,Tixl,TXL,Tixl
6731.0,Tokamak Network,Tokamak Network,TON,Tokamak Network
2364.0,TokenClub,TokenClub,TCT,TokenClub
2627.0,TokenPay,TokenPay,TPAY,TokenPay
2576.0,Tokenomy,Tokenomy,TEN,Tokenomy
3389.0,Tolar,Tolar,TOL,Tolar
2570.0,TomoChain,TomoChain,TOMO,TomoChain
8049.0,Tornado Cash,Tornado Cash,TORN,Tornado Cash
8310.0,TosDis,TosDis,DIS,TosDis
8744.0,Toshimon,Toshimon,TOSHI,Toshimon
8673.0,TotemFi,TotemFi,TOTM,TotemFi
3965.0,TouchCon,TouchCon,TOC,TouchCon
2678.0,TraDove B2BCoin,TraDove B2BCoin,BBC,TraDove B2BCoin
7637.0,Trabzonspor Fan Token,Trabzonspor Fan Token,TRA,Trabzonspor Fan Token
8090.0,Trade Butler Bot,Trade Butler Bot,TBB,Trade Butler Bot
8637.0,Tranche Finance,Tranche Finance,SLICE,Tranche Finance
2704.0,Transcodium,Transcodium,TNS,Transcodium
1032.0,TransferCoin,TransferCoin,TX,Transfercoin
2776.0,Travala.com,Travala.com,AVA,Travala.com
2002.0,TrezarCoin,TrezarCoin,TZC,TrezarCoin
9025.0,Tribe,Tribe,TRIBE,Tribe
2443.0,Trinity Network Credit,Trinity Network Credit,TNC,Trinity Network Credit
2661.0,Tripio,Tripio,TRIO,Tripio
2865.0,Trittium,Trittium,TRTT,Trittium
638.0,Trollcoin,Trollcoin,TROLL,Trollcoin
2457.0,TrueChain,TrueChain,TRUE,TrueChain
7725.0,TrueFi,TrueFi,TRU,TrueFi
1905.0,TrueFlip,TrueFlip,TFL,TrueFlip
2563.0,TrueUSD,TrueUSD,TUSD,TrueUSD
5964.0,Trust Wallet Token,Trust Wallet Token,TWT,Trust Wallet Token
5972.0,TrustDAO,TrustDAO,TRUST,TrustDAO
5829.0,TrustSwap,TrustSwap,SWAP,Trustswap
2958.0,TurtleCoin,TurtleCoin,TRTL,TurtleCoin
8870.0,Tutti Frutti,Tutti Frutti,TFF,Tutti Frutti
9253.0,Twinci,Twinci,TWIN,Twinci
2645.0,U Network,U Network,UUU,U Network
5633.0,UCROWDME,UCROWDME,UCM,UCROWDME
5617.0,UMA,UMA,UMA,UMA
7669.0,UNCL,UNCL,UNCL,UNCL
8056.0,UNION Protocol Governance Token,UNION Protocol Governance Token,UNN,UNION Protocol Governance Token
3408.0,USD Coin,USD Coin,USDC,USD Coin
4064.0,USDK,USDK,USDK,USDK
8886.0,USDP Stablecoin,USDP Stablecoin,USDP,USDP Stablecoin
3140.0,Ubex,Ubex,UBEX,Ubex
588.0,Ubiq,Ubiq,UBQ,Ubiq
3233.0,Ulord,Ulord,UT,Ulord
3666.0,Ultiledger,Ultiledger,ULT,Ultiledger
4262.0,UltrAlpha,UltrAlpha,UAT,UltrAlpha
4189.0,Ultra,Ultra,UOS,Ultra
8385.0,Umbrella Network,Umbrella Network,UMB,Umbrella Network
7553.0,UnFederalReserve,UnFederalReserve,ERSDL,UnFederalReserve
8963.0,UnMarshal,UnMarshal,MARSH,Unmarshal
7664.0,UniCrypt,UniCrypt,UNCX,UniCrypt
8232.0,UniDex,UniDex,UNIDX,UniDex
6638.0,UniLayer,UniLayer,LAYER,UniLayer
8229.0,UniMex Network,UniMex Network,UMX,UniMex Network
5660.0,UniPower,UniPower,POWER,UniPower
7727.0,UniWhales,UniWhales,UWL,UniWhales
2758.0,Unibright,Unibright,UBT,Unibright
9472.0,Unicly Aavegotchi Astronauts Collection,Unicly Aavegotchi Astronauts Collection,UGOTCHI,Unicly Aavegotchi Astronauts Collection
9473.0,Unicly CryptoPunks Collection,Unicly CryptoPunks Collection,UPUNK,Unicly CryptoPunks Collection
9474.0,Unicly Doki Doki Collection,Unicly Doki Doki Collection,UDOKI,Unicly Doki Doki Collection
9477.0,Unicly Hashmasks Collection,Unicly Hashmasks Collection,UMASK,Unicly Hashmasks Collection
9476.0,Unicly Mystic Axies Collection,Unicly Mystic Axies Collection,UAXIE,Unicly Mystic Axies Collection
7672.0,Unifi Protocol DAO,Unifi Protocol DAO,UNFI,Unifi Protocol DAO
3854.0,Unification,Unification,FUND,Unification
168.0,Uniform Fiscal Object,Uniform Fiscal Object,UFO,Uniform Fiscal Object
7879.0,Unifty,Unifty,NIF,Unifty
8767.0,Unifund,Unifund,IFUND,Unifund
9287.0,Uniqly,Uniqly,UNIQ,Uniqly
8125.0,Unique One,Unique One,RARE,Unique One
8729.0,Unique Photo,Unique Photo,FOTO,Unique Photo
7095.0,Unisocks,Unisocks,SOCKS,Unisocks
7512.0,Unistake,Unistake,UNISTAKE,Unistake
7083.0,Uniswap,Uniswap,UNI,Uniswap
5890.0,Unit Protocol,Unit Protocol,COL,Unit Protocol
6195.0,Unitrade,Unitrade,TRADE,Unitrade
2524.0,Universa,Universa,UTNP,Universa
2454.0,UnlimitedIP,UnlimitedIP,UIP,UnlimitedIP
8896.0,Unslashed Finance,Unslashed Finance,USF,Unslashed Finance
7040.0,UpBots,UpBots,UBXT,UpBots
2178.0,Upfiring,Upfiring,UFR,Upfiring
2273.0,Uquid Coin,Uquid Coin,UQC,Uquid Coin
4093.0,Uranus,Uranus,URAC,Uranus
9053.0,Ureeqa,Ureeqa,URQA,UREEQA
8150.0,Utopia Genesis Foundation,Utopia Genesis Foundation,UOP,Utopia Genesis Foundation
2320.0,Utrust,Utrust,UTK,UTRUST
8479.0,VAIOT,VAIOT,VAI,Vaiot
5003.0,VAULT,VAULT,VAULT,VAULT
8278.0,VEROX,VEROX,VRX,Verox
1983.0,VIBE,VIBE,VIBE,VIBE
3845.0,VIDT Datalink,VIDT Datalink,VIDT,VIDT Datalink
6562.0,VIG,VIG,VIG,VIG
2937.0,VITE,VITE,VITE,Vite
7824.0,Vai,Vai,VAI,Vai
1154.0,Validity,Validity,VAL,Validity
7776.0,Vanilla Network,Vanilla Network,VNLA,Vanilla Network
3077.0,VeChain,VeChain,VET,VeChain
3012.0,VeThor Token,VeThor Token,VTHO,VeThor Token
4441.0,Vectorspace AI,Vectorspace AI,VXV,Vectorspace AI
3830.0,Veil,Veil,VEIL,VEIL
4747.0,Velas,Velas,VLX,Velas
7127.0,Velo,Velo,VELO,Velo
7288.0,Venus,Venus,XVS,Venus
3816.0,Verasity,Verasity,VRA,Verasity
693.0,Verge,Verge,XVG,Verge
3846.0,VeriBlock,VeriBlock,VBK,VeriBlock
323.0,VeriCoin,VeriCoin,VRC,VeriCoin
1710.0,Veritaseum,Veritaseum,VERI,Veritaseum
1465.0,Veros,Veros,VRS,Veros
7907.0,VersoView,VersoView,VVT,VersoView
99.0,Vertcoin,Vertcoin,VTC,Vertcoin
2998.0,Vexanium,Vexanium,VEX,Vexanium
470.0,Viacoin,Viacoin,VIA,Viacoin
2019.0,Viberate,Viberate,VIB,Viberate
4300.0,VideoCoin,VideoCoin,VID,VideoCoin
4315.0,Vidulum,Vidulum,VDL,Vidulum
6709.0,Vidya,Vidya,VIDYA,Vidya
3063.0,Vitae,Vitae,VITAE,Vitae
3962.0,Vodi X,Vodi X,VDX,Vodi X
7518.0,Voice Token,Voice Token,VOICE,Voice Token
8661.0,Vortex Defi,Vortex Defi,VTX,Vortex DeFi
7465.0,Vox.Finance,Vox.Finance,VOX,Vox.Finance
1817.0,Voyager Token,Voyager Token,VGX,Voyager Token
2300.0,WAX,WAX,WAXP,WAX
6679.0,WHALE,WHALE,WHALE,WHALE
9229.0,WHEAT Token,WHEAT Token,WHEAT,Wheat Token
4206.0,WINkLink,WINkLink,WIN,WINkLink
5328.0,WOM Protocol,WOM Protocol,WOM,WOM Protocol
8605.0,WOWswap,WOWswap,WOW,WOWswap
2267.0,Wabi,Wabi,WABI,Wabi
1779.0,Wagerr,Wagerr,WGR,Wagerr
6552.0,Waifu Token,Waifu Token,WAIF,Waifu Token
1925.0,Waltonchain,Waltonchain,WTC,Waltonchain
2606.0,Wanchain,Wanchain,WAN,Wanchain
8439.0,Warp Finance,Warp Finance,WARP,Warp Finance
9077.0,WasabiX,WasabiX,WASABI,WasabiX
8588.0,Wault Finance (OLD),Wault Finance (OLD),WAULT,Wault Finance (OLD)
1274.0,Waves,Waves,WAVES,Waves
2346.0,WaykiChain,WaykiChain,WICC,WaykiChain
5161.0,WazirX,WazirX,WRX,WazirX
2673.0,WeOwn,WeOwn,CHX,WeOwn
2511.0,WePower,WePower,WPR,WePower
1638.0,WeTrust,WeTrust,TRST,WeTrust
3877.0,WebDollar,WebDollar,WEBD,webdollar
3027.0,Webcoin,Webcoin,WEB,Webcoin
8778.0,Whirl Finance,Whirl Finance,WHIRL,Whirl Finance
8120.0,Whiteheart,Whiteheart,WHITE,Whiteheart
1500.0,Wings,Wings,WINGS,Wings
8366.0,World Token,World Token,WORLD,World Token
16.0,WorldCoin,WorldCoin,WDC,WorldCoin
4978.0,Wownero,Wownero,WOW,Wownero
3717.0,Wrapped Bitcoin,Wrapped Bitcoin,WBTC,Wrapped Bitcoin
7818.0,Wrapped CrescoFin,Wrapped CrescoFin,wCRES,Wrapped CrescoFin
5939.0,Wrapped NXM,Wrapped NXM,WNXM,Wrapped NXM
3334.0,X-CASH,X-CASH,XCASH,X-CASH
8509.0,XMON,XMON,XMON,XMON
2859.0,XMax,XMax,XMX,XMax
52.0,XRP,XRP,XRP,XRP
8489.0,XSGD,XSGD,XSGD,XSGD
7969.0,XVIX,XVIX,XVIX,XVIX
895.0,Xaurum,Xaurum,XAUR,Xaurum
5541.0,Xaya,Xaya,CHI,XAYA
8519.0,Xend Finance,Xend Finance,XEND,Xend Finance
7038.0,Xfinance,Xfinance,XFI,Xfinance
6667.0,Xiotri,Xiotri,XIOT,Xiotri
2437.0,YEE,YEE,YEE,Yee
6407.0,YF Link,YF Link,YFL,YF Link
6938.0,YFDAI.FINANCE,YFDAI.FINANCE,YF-DAI,YfDAI.finance
3474.0,YGGDRASH,YGGDRASH,YEED,Yggdrash
8066.0,YIELD App,YIELD App,YLD,YIELD App
1899.0,YOYOW,YOYOW,YOYOW,YOYOW
4160.0,Ycash,Ycash,YEC,Ycash
7939.0,Yearn Ecosystem Token Index,Yearn Ecosystem Token Index,YETI,Yearn Ecosystem Token Index
7572.0,Yearn Secure,Yearn Secure,YSEC,Yearn Secure
6974.0,Yeld Finance,Yeld Finance,YELD,Yeld Finance
9145.0,Yellow Road,Yellow Road,ROAD,Yellow Road
7991.0,Yield,Yield,YLD,Yield
8187.0,Yield Optimization Platform & Protocol,Yield Optimization Platform & Protocol,YOP,Yield Optimization Platform & Protocol
7498.0,Yield Protocol,Yield Protocol,YIELD,Yield Protocol
8341.0,Young Boys Fan Token,Young Boys Fan Token,YBO,Young Boys Fan Token
3060.0,Yuan Chain Coin,Yuan Chain Coin,YCC,Yuan Chain Coin
3351.0,ZB Token,ZB Token,ZB,ZB Token
3458.0,ZBG Token,ZBG Token,ZT,ZBG Token
1447.0,ZClassic,ZClassic,ZCL,Zclassic
4286.0,ZENZO,ZENZO,ZNZ,ZENZO
8202.0,ZKSwap,ZKSwap,ZKS,ZKSwap
8772.0,ZUSD,ZUSD,ZUSD,ZUSD
4691.0,Zano,Zano,ZANO,Zano
2363.0,Zap,Zap,ZAP,Zap
1437.0,Zcash,Zcash,ZEC,Zcash
6989.0,Zeedex,Zeedex,ZDEX,Zeedex
2481.0,Zeepin,Zeepin,ZPT,Zeepin
5663.0,ZelaaPayAE,ZelaaPayAE,ZPAE,ZelaaPayAE
3186.0,Zen Protocol,Zen Protocol,ZP,Zen Protocol
7430.0,Zenfuse,Zenfuse,ZEFU,Zenfuse
4003.0,Zenon,Zenon,ZNN,Zenon
1578.0,Zero,Zero,ZER,Zero
8192.0,Zero Collateral Dai,Zero Collateral Dai,ZAI,Zero Collateral Dai
7318.0,Zero Utility Token,Zero Utility Token,ZUT,Zero Utility Token
7438.0,ZeroSwap,ZeroSwap,ZEE,ZeroSwap
2047.0,Zeusshield,Zeusshield,ZSC,Zeusshield
2469.0,Zilliqa,Zilliqa,ZIL,Zilliqa
2724.0,Zippie,Zippie,ZIPT,Zippie
7826.0,Zoracles,Zoracles,ZORA,Zoracles
1726.0,ZrCoin,ZrCoin,ZRC,ZrCoin
1775.0,adToken,adToken,ADT,adToken
2501.0,adbank,adbank,ADB,adbank
2299.0,aelf,aelf,ELF,aelf
8100.0,ankrETH,ankrETH,aEth,ankrETH
5079.0,apM Coin,apM Coin,APM,apM Coin
8710.0,bAlpha,bAlpha,BALPHA,bAlpha
5810.0,bZx Protocol,bZx Protocol,BZRX,bZx Protocol
624.0,bitCNY,bitCNY,BITCNY,bitCNY
7242.0,cVault.finance,cVault.finance,CORE,cVault.finance
2450.0,carVertical,carVertical,CV,carVertical
7094.0,dHedge DAO,dHedge DAO,DHT,dHEDGE DAO
1856.0,district0x,district0x,DNT,district0x
8279.0,e-Money,e-Money,NGM,e-Money
3750.0,eXPerience Chain,eXPerience Chain,XPC,eXPerience Chain
2644.0,eosDAC,eosDAC,EOSDAC,eosDAC
7262.0,extraDNA,extraDNA,XDNA,extraDNA
6261.0,hybrix,hybrix,HY,Hybrix
1637.0,iExec RLC,iExec RLC,RLC,iExec RLC
5113.0,inSure DeFi,inSure DeFi,SURE,inSure DeFi
2459.0,indaHash,indaHash,IDH,indaHash
8712.0,keyTango,keyTango,TANGO,keyTango
8482.0,mStable BTC,mStable BTC,MBTC,mStable BTC
5747.0,mStable USD,mStable USD,MUSD,mStable USD
9158.0,moonwolf.io,moonwolf.io,WOLF,moonwolf.io
8252.0,pBTC35A,pBTC35A,pBTC35A,pBTC35A
5794.0,pNetwork,pNetwork,PNT,pNetwork
5434.0,pTokens BTC,pTokens BTC,PBTC,pTokens BTC
4100.0,qiibee,qiibee,QBX,qiibee
7747.0,reflect.finance,reflect.finance,RFI,reflect.finance
5777.0,renBTC,renBTC,RENBTC,renBTC
8363.0,renDOGE,renDOGE,RENDOGE,renDOGE
8904.0,renZEC,renZEC,RENZEC,renZEC
5769.0,sADA,sADA,SADA,sADA
5764.0,sBTC,sBTC,SBTC,sBTC
5862.0,sDEFI,sDEFI,SDEFI,sDEFI
5765.0,sETH,sETH,SETH,sETH
6190.0,sLINK,sLINK,sLINK,sLINK
2927.0,sUSD,sUSD,SUSD,sUSD
5863.0,sXAG,sXAG,SXAG,sXAG
6191.0,sXAU,sXAU,SXAU,sXAU
7617.0,saffron.finance,saffron.finance,SFI,saffron.finance
3316.0,smARTOFGIVING,smARTOFGIVING,AOG,smARTOFGIVING
4841.0,suterusu,suterusu,SUTER,Suterusu
5776.0,tBTC,tBTC,TBTC,tBTC
3752.0,uPlexa,uPlexa,UPX,uPlexa
8103.0,unilock.network,unilock.network,UNL,Unilock.Network
3704.0,v.systems,v.systems,VSYS,V.SYSTEMS
4097.0,x42 Protocol,x42 Protocol,X42,X42 Protocol
7168.0,xBTC,xBTC,xBTC,xBTC
8339.0,xFund,xFund,XFUND,xFund
3839.0,xRhodium,xRhodium,XRC,xRhodium
8899.0,xSUSHI,xSUSHI,XSUSHI,xSUSHI
8598.0,xSigma,xSigma,SIG,xSigma
8599.0,xToken,xToken,XTK,xToken
7222.0,yAxis,yAxis,YAXIS,yAxis
5864.0,yearn.finance,yearn.finance,YFI,yearn.finance
8621.0,yieldwatch,yieldwatch,WATCH,Yieldwatch
7601.0,zHEGIC,zHEGIC,ZHEGIC,zHEGIC
,,,,0.exchange
,,,,1337
,,,,2gether
,,,,484 Fund
,,,,AAAchain
,,,,Aave [OLD]
,,,,Add.xyz (NEW)
,,,,AdEx
,,,,Adventure Token
,,,,Advertise Coin
,,,,Aezora
,,,,AFEN Blockchain
,,,,AGA Rewards
,,,,Agave Token
,,,,Alchemix USD
,,,,AlchemyDAO
,,,,Allive
,,,,Alpha Finance
,,,,ALQO
,,,,Aluna
,,,,AMLT Network
,,,,ANY Blocknet
,,,,Apollo
,,,,Apollon Limassol Fan Token
,,,,APWine
,,,,APY.vision
,,,,ARC Governance (Old)
,,,,ASD
,,,,Atari
,,,,Atletico Madrid Fan Token
,,,,Avalaunch
,,,,Avaluse
,,,,aXpire
,,,,B.Protocol
,,,,B21
,,,,BakerySwap
,,,,Bancor Network Token
,,,,BasketDAO DeFi Index
,,,,Bavala
,,,,Bearn.fi
,,,,BeeKan / Beenews
,,,,Bethereum
,,,,BGOV
,,,,Bitberry Token
,,,,Bitcoin Instant
,,,,Bitcoin Pro
,,,,Bitcoin Scrypt
,,,,BitScreener
,,,,BlackDragon Token
,,,,Blank
,,,,Bloom
,,,,BNB48 Club Token
,,,,Boom Token
,,,,Bounce
,,,,BountyMarketCap
,,,,BTC 2x Flexible Leverage Index
,,,,BTC Standard Hashrate Token
,,,,BTSE Token
,,,,Bundles
,,,,BYTZ
,,,,c0x
,,,,CaliCoin
,,,,Cardstarter
,,,,Carlive Chain
,,,,CateCoin
,,,,cBAT
,,,,cDAI
,,,,Celsius Network
,,,,Centric
,,,,cETH
,,,,Change
,,,,Chi Gastoken (BSC)
,,,,Chia
,,,,Club Atletico Independiente Fan Token
,,,,COCOS BCX
,,,,Coin
,,,,Coinbene Token
,,,,CoinMetro
,,,,CoinZoom Token
,,,,Colossuscoin V2
,,,,CompliFi
,,,,Component
,,,,Conflux
,,,,Convex CRV
,,,,Convex Finance
,,,,Cova Unity
,,,,Covenants
,,,,Cream
,,,,cREP
,,,,Crowny Token
,,,,Crust Network
,,,,Cryptex Finance
,,,,Cryptocurrency Top 10 Index
,,,,CryptoDezireCash
,,,,cSAI
,,,,CSP DAO Network
,,,,CumRocket
,,,,cUNI
,,,,cUSDC
,,,,cUSDT
,,,,Custom contract network
,,,,cWBTC
,,,,CyberFi
,,,,Dapp.com
,,,,Darwinia Network Native Token
,,,,Dash Diamond
,,,,DaTa eXchange Token
,,,,DAV Network
,,,,DEA
,,,,DEFI Top 5 Index
,,,,DeFiPulse Index
,,,,DefiSocial
,,,,Delphi
,,,,DEXTF
,,,,Dextoken Governance
,,,,dForce Token
,,,,DigiCol Token
,,,,Digitex Token
,,,,Digix Gold
,,,,Direct Insurance Token
,,,,DLP Duck Token
,,,,Doki Doki
,,,,Drops Ownership Power
,,,,Dune
,,,,DUST Token
,,,,e-Radix
,,,,Earthcoin
,,,,EcoFi
,,,,Edenchain
,,,,Effect Network
,,,,Eggplant Finance
,,,,ElasticDAO
,,,,Electronic Gulden
,,,,Eleven Finance
,,,,Endor Protocol Token
,,,,EnreachDAO
,,,,EOSForce
,,,,Escoin Token
,,,,Espers
,,,,Eterbase Utility Token
,,,,ETH 2x Flexible Leverage Index
,,,,Ethereum Push Notification Service - EPNS
,,,,EZOOW
,,,,Feed Token
,,,,FEG Token
,,,,Finance Vote
,,,,FintruX
,,,,FLEX Coin
,,,,FootballStars
,,,,FoundryDAO Logistics
,,,,Friends With Benefits Pro
,,,,FrogDAO Dime
,,,,Fuse
,,,,Gains
,,,,Gains V2
,,,,GamyFi Token
,,,,GasToken
,,,,Gatcoin
,,,,Gene Source Code Token
,,,,GeroWallet
,,,,Geyser
,,,,Gitcoin
,,,,GIV Token
,,,,GivingToServices
,,,,Gleec Coin
,,,,Glitch Protocol
,,,,Global Coin Research
,,,,Graft Blockchain
,,,,GridPlus
,,,,Growth Root
,,,,Hackspace Capital
,,,,Hakka Finance
,,,,Haven
,,,,Helmet Insure
,,,,HodlTree
,,,,HolderSwap
,,,,Holy Trinity
,,,,Holyheld (OLD)
,,,,Hotbit Token
,,,,HydraDX
,,,,Impulse By FDR
,,,,Indorse
,,,,Infinito
,,,,INSTAR
,,,,INTchain
,,,,Interest Bearing Bitcoin
,,,,IPChain
,,,,Ispolink
,,,,Items
,,,,Iteration Syndicate
,,,,IxiCash
,,,,Jarvis Reward Token
,,,,Jenny Metaverse DAO Token
,,,,JULIEN
,,,,Kine Protocol
,,,,Kineko
,,,,Kittoken
,,,,Klondike Finance v2
,,,,Kuma Inu
,,,,Kyber Network Crystal Legacy
,,,,Kylin Network
,,,,LADZ
,,,,LatiumX
,,,,LaunchX
,,,,Lead Token
,,,,LEO Token
,,,,LibraToken
,,,,Lido DAO
,,,,Lido Staked Ether
,,,,Lightstreams Photon
,,,,LiteDoge
,,,,Lixir Finance
,,,,Loom Network (OLD)
,,,,LUKSO Token
,,,,Mantis Network
,,,,Mao Zedong
,,,,Maza
,,,,MCH Coin
,,,,Memetic
,,,,Mercurial
,,,,Meritcoins
,,,,Metaverse NFT Index
,,,,MetricExchange
,,,,Midas Protocol
,,,,Minter
,,,,Mirrored Airbnb
,,,,Mirrored AMC Entertainment
,,,,Mirrored Bitcoin
,,,,Mirrored Ether
,,,,Mirrored Facebook
,,,,Mirrored GameStop
,,,,Mirrored Goldman Sachs
,,,,Mithril Cash
,,,,MobieCoin
,,,,Mogwai Coin
,,,,Morpheus Network
,,,,Mossland
,,,,Mothership
,,,,mStable Governance Token: Meta
,,,,Multiplier (BSC)
,,,,Must
,,,,My Neighbor Alice
,,,,Napoleon X
,,,,Near
,,,,Neutrino System Base Token
,,,,Newscrypto Coin
,,,,Nexus Mutual
,,,,NFT Platform Index
,,,,NFT Protocol
,,,,Noah Decentralized State Coin
,,,,NobleCoin
,,,,Nominex
,,,,Nsure Network
,,,,Obortech
,,,,OccamFi
,,,,Oduwa Coin
,,,,Oiler
,,,,Omni Consumer Protocol
,,,,OpenPredict Token
,,,,Orchid Protocol
,,,,OVCODE
,,,,Oxbull Tech
,,,,Ozziecoin
,,,,Pandacoin
,,,,Pangea Arbitration Token (Bitnation)
,,,,Partner
,,,,Penguin Finance
,,,,Penta Network Token
,,,,Peony Coin
,,,,Percent
,,,,PinkMoon
,,,,Pinknode
,,,,POA Network
,,,,PocMon
,,,,PolyDoge
,,,,Polylastic
,,,,Polymath Network
,,,,PowerPool Concentrated Voting Power
,,,,Project SHIVOM
,,,,Propel
,,,,Prospectors Gold
,,,,Proton Token
,,,,Pundi X
,,,,Pundi X [OLD]
,,,,Pylon Finance
,,,,Quadrant Protocol
,,,,RAC
,,,,Rage.Fan
,,,,rbase.finance
,,,,Reef Finance
,,,,RELEASE
,,,,Relite Finance
,,,,REOSC Ecosystem
,,,,Reserve Rights Token
,,,,Resfinex Token
,,,,Restart Energy
,,,,Riecoin
,,,,Robonomics Network
,,,,Robot
,,,,ROM Token
,,,,Rootkit
,,,,Royale
,,,,SAFE2
,,,,SafeDeal
,,,,Sai
,,,,SatoPay
,,,,SAV3
,,,,Scifi.Finance
,,,,Sentinel [OLD]
,,,,SERO
,,,,sETC
,,,,sEUR
,,,,Shabu Shabu
,,,,Shard Coin
,,,,Sharder protocol
,,,,SharedStake Governance Token
,,,,Shopping.io
,,,,SIX Network
,,,,SKALE
,,,,Skull
,,,,Smart Valor
,,,,SmartCredit Token
,,,,Smooth Love Potion
,,,,Snovian.Space
,,,,Snowball
,,,,Soar
,,,,Sp8de
,,,,SpaceChain (ERC-20)
,,,,Spaghetti
,,,,Spartan Protocol Token
,,,,Spookyswap
,,,,srnArtGallery
,,,,Stakecube
,,,,StakeWise
,,,,Stone Token
,,,,STP Network
,,,,sTSLA
,,,,Surf.Finance
,,,,Sushi
,,,,Swarm Network
,,,,sXRP
,,,,Syndicate
,,,,Synthetix Network Token
,,,,Tadpole
,,,,TaoDAO
,,,,The Bitcoin Family
,,,,Theta Network
,,,,ThunderCore
,,,,TICOEX Token (Formerly TopInvestmentCoin)
,,,,ToaCoin
,,,,Token Kennel
,,,,Tokenlon
,,,,Tokocrypto
,,,,TOP Network
,,,,Total Crypto Market Cap
,,,,Tourist Review Token
,,,,Traxia
,,,,Trias Token
,,,,TriveChain
,,,,Truefeedback Token
,,,,Tsuki DAO
,,,,U.CASH
,,,,Ubique Chain of Things (UCOT)
,,,,Ultrain
,,,,Unicly
,,,,Unicly Beeple Collection
,,,,UniCrypt (Old)
,,,,Unido
,,,,Unikoin Gold
,,,,UniLend Finance
,,,,Unit Protocol New
,,,,UpDog
,,,,Urus Token
,,,,USDX
,,,,Usechain
,,,,UTU Coin
,,,,Value DeFi
,,,,veCRV-DAO yVault
,,,,VeriSafe
,,,,VersaCoin
,,,,Verus Coin
,,,,Vesper Finance
,,,,Vether
,,,,VFOX
,,,,VIPSTARCOIN
,,,,VirgoX Token
,,,,Visor
,,,,Volume Network
,,,,Wault
,,,,WaultSwap
,,,,Wilder World
,,,,Wing Finance
,,,,Wirex
,,,,Woofy
,,,,Wootrade Network
,,,,Wrapped-DGLD
,,,,xDAI Stake
,,,,XDC Network
,,,,XDEFI Governance Token
,,,,XP
,,,,XYO Network
,,,,YAM
,,,,Yearn Lazy Ape
,,,,YOU Chain
,,,,yUSD
,,,,YVS Finance
,,,,ZcCoin
,,,,Zebi
,,,,Zeitcoin
,,,,Zignaly
,,,,Zipmex Token
,,,,Zipper Network
,,,,zLOT
,,,,ZMINE
